<?xml version="1.0" encoding="utf-8"?><!--Generated by ILIAS XmlWriter--><exp:Export InstallationId="0" InstallationUrl="http://localhost-php7/1_dev/trunk/www" Entity="sess" SchemaVersion="5.1.0" TargetRelease="5.3.0" xmlns:xsi="http://www.w3.org/2001/XMLSchema-instance" xmlns:exp="http://www.ilias.de/Services/Export/exp/4_1" xsi:schemaLocation="http://www.ilias.de/Services/Export/exp/4_1 http://localhost-php7/1_dev/trunk/www/xml/ilias_export_4_1.xsd http://www.ilias.de/Modules/Session/sess/5_1 http://localhost-php7/1_dev/trunk/www/xml/ilias_sess_5_1.xsd http://www.ilias.de/Services/DataSet/ds/4_3 http://localhost-php7/1_dev/trunk/www/xml/ilias_ds_4_3.xsd" xmlns="http://www.ilias.de/Modules/Session/sess/5_1" xmlns:ds="http://www.ilias.de/Services/DataSet/ds/4_3"><exp:ExportItem Id="33877"><ds:DataSet InstallationId="0" InstallationUrl="http://localhost-php7/1_dev/trunk/www" TopEntity="sess"><ds:Rec Entity="sess"><Sess><Id>33877</Id><Title></Title><Description></Description><Location></Location><TutorName></TutorName><TutorEmail></TutorEmail><TutorPhone></TutorPhone><Details></Details><Registration>0</Registration><LimitedRegistration>0</LimitedRegistration><WaitingList>0</WaitingList><AutoWait>0</AutoWait><LimitUsers>0</LimitUsers><MinUsers>0</MinUsers><EventStart>2017-11-17 00:00:00</EventStart><EventEnd>2017-11-17 00:00:00</EventEnd><StartingTime>0</StartingTime><EndingTime>0</EndingTime><Fulltime>1</Fulltime></Sess></ds:Rec></ds:DataSet></exp:ExportItem></exp:Export>