<?xml version="1.0" encoding="utf-8"?><!--Generated by ILIAS XmlWriter--><exp:Export InstallationId="0" InstallationUrl="http://localhost-php7/1_dev/trunk/www" Entity="cat" SchemaVersion="4.3.0" TargetRelease="5.3.0" xmlns:xsi="http://www.w3.org/2001/XMLSchema-instance" xmlns:exp="http://www.ilias.de/Services/Export/exp/4_1" xsi:schemaLocation="http://www.ilias.de/Services/Export/exp/4_1 http://localhost-php7/1_dev/trunk/www/xml/ilias_export_4_1.xsd http://www.ilias.de/Modules/Category/cat/4_3 http://localhost-php7/1_dev/trunk/www/xml/ilias_cat_4_3.xsd" xmlns="http://www.ilias.de/Modules/Category/cat/4_3"><exp:ExportItem Id="33913"><Category><Translations><Translation default="1" language="en"><Title>Performance Test Category</Title><Description></Description></Translation></Translations><Sort direction="ASC" type="Title"/><ContainerSettings><ContainerSetting id="cont_show_news">0</ContainerSetting><ContainerSetting id="cont_use_news">0</ContainerSetting><ContainerSetting id="news_timeline">0</ContainerSetting><ContainerSetting id="news_timeline_incl_auto">0</ContainerSetting><ContainerSetting id="news_timeline_landing_page">0</ContainerSetting></ContainerSettings></Category></exp:ExportItem></exp:Export>