<?xml version="1.0" encoding="utf-8"?><!--Generated by ILIAS XmlWriter--><exp:Export InstallationId="0" InstallationUrl="http://localhost-php7/1_dev/trunk/www" Entity="struct" SchemaVersion="4.1.0" TargetRelease="5.3.0" xmlns:xsi="http://www.w3.org/2001/XMLSchema-instance" xmlns:exp="http://www.ilias.de/Services/Export/exp/4_1" xsi:schemaLocation="http://www.ilias.de/Services/Export/exp/4_1 http://localhost-php7/1_dev/trunk/www/xml/ilias_export_4_1.xsd http://www.ilias.de/Modules/Folder/fold/4_1 http://localhost-php7/1_dev/trunk/www/xml/ilias_fold_4_1.xsd" xmlns="http://www.ilias.de/Modules/Folder/fold/4_1"><exp:ExportItem Id="33801"><Items><Item RefId="11291" Id="33801" Title="Course_50_Sessions" Type="crs" Page="" StartPage="" Style="0"><Timing Type="1" Visible="0" Changeable="0"></Timing><Item RefId="11292" Id="33805" Title="" Type="sess" Page="" StartPage="" Style="0"><Timing Type="1" Visible="0" Changeable="0"><Start>2017-10-12 14:43:14</Start><End>2017-10-12 14:43:14</End><SuggestionStart>2017-10-12 14:43:14</SuggestionStart><SuggestionEnd>2017-10-12 14:43:14</SuggestionEnd><EarliestStart>2017-10-12 14:43:14</EarliestStart><LatestEnd>2017-10-12 21:55:00</LatestEnd></Timing></Item><Item RefId="11293" Id="33807" Title="" Type="sess" Page="" StartPage="" Style="0"><Timing Type="1" Visible="0" Changeable="0"><Start>2017-10-12 14:43:14</Start><End>2017-10-12 14:43:14</End><SuggestionStart>2017-10-12 14:43:14</SuggestionStart><SuggestionEnd>2017-10-12 14:43:14</SuggestionEnd><EarliestStart>2017-10-12 14:43:14</EarliestStart><LatestEnd>2017-10-12 21:55:00</LatestEnd></Timing></Item><Item RefId="11294" Id="33809" Title="" Type="sess" Page="" StartPage="" Style="0"><Timing Type="1" Visible="0" Changeable="0"><Start>2017-10-12 14:43:14</Start><End>2017-10-12 14:43:14</End><SuggestionStart>2017-10-12 14:43:14</SuggestionStart><SuggestionEnd>2017-10-12 14:43:14</SuggestionEnd><EarliestStart>2017-10-12 14:43:14</EarliestStart><LatestEnd>2017-10-12 21:55:00</LatestEnd></Timing></Item><Item RefId="11295" Id="33811" Title="" Type="sess" Page="" StartPage="" Style="0"><Timing Type="1" Visible="0" Changeable="0"><Start>2017-10-12 14:43:14</Start><End>2017-10-12 14:43:14</End><SuggestionStart>2017-10-12 14:43:14</SuggestionStart><SuggestionEnd>2017-10-12 14:43:14</SuggestionEnd><EarliestStart>2017-10-12 14:43:14</EarliestStart><LatestEnd>2017-10-12 21:55:00</LatestEnd></Timing></Item><Item RefId="11296" Id="33813" Title="" Type="sess" Page="" StartPage="" Style="0"><Timing Type="1" Visible="0" Changeable="0"><Start>2017-10-12 14:43:14</Start><End>2017-10-12 14:43:14</End><SuggestionStart>2017-10-12 14:43:14</SuggestionStart><SuggestionEnd>2017-10-12 14:43:14</SuggestionEnd><EarliestStart>2017-10-12 14:43:14</EarliestStart><LatestEnd>2017-10-12 21:55:00</LatestEnd></Timing></Item><Item RefId="11297" Id="33815" Title="" Type="sess" Page="" StartPage="" Style="0"><Timing Type="1" Visible="0" Changeable="0"><Start>2017-10-12 14:43:14</Start><End>2017-10-12 14:43:14</End><SuggestionStart>2017-10-12 14:43:14</SuggestionStart><SuggestionEnd>2017-10-12 14:43:14</SuggestionEnd><EarliestStart>2017-10-12 14:43:14</EarliestStart><LatestEnd>2017-10-12 21:55:00</LatestEnd></Timing></Item><Item RefId="11298" Id="33817" Title="" Type="sess" Page="" StartPage="" Style="0"><Timing Type="1" Visible="0" Changeable="0"><Start>2017-10-12 14:43:14</Start><End>2017-10-12 14:43:14</End><SuggestionStart>2017-10-12 14:43:14</SuggestionStart><SuggestionEnd>2017-10-12 14:43:14</SuggestionEnd><EarliestStart>2017-10-12 14:43:14</EarliestStart><LatestEnd>2017-10-12 21:55:00</LatestEnd></Timing></Item><Item RefId="11299" Id="33819" Title="" Type="sess" Page="" StartPage="" Style="0"><Timing Type="1" Visible="0" Changeable="0"><Start>2017-10-12 14:43:14</Start><End>2017-10-12 14:43:14</End><SuggestionStart>2017-10-12 14:43:14</SuggestionStart><SuggestionEnd>2017-10-12 14:43:14</SuggestionEnd><EarliestStart>2017-10-12 14:43:14</EarliestStart><LatestEnd>2017-10-12 21:55:00</LatestEnd></Timing></Item><Item RefId="11300" Id="33821" Title="" Type="sess" Page="" StartPage="" Style="0"><Timing Type="1" Visible="0" Changeable="0"><Start>2017-10-12 14:43:14</Start><End>2017-10-12 14:43:14</End><SuggestionStart>2017-10-12 14:43:14</SuggestionStart><SuggestionEnd>2017-10-12 14:43:14</SuggestionEnd><EarliestStart>2017-10-12 14:43:14</EarliestStart><LatestEnd>2017-10-12 21:55:00</LatestEnd></Timing></Item><Item RefId="11301" Id="33823" Title="" Type="sess" Page="" StartPage="" Style="0"><Timing Type="1" Visible="0" Changeable="0"><Start>2017-10-12 14:43:14</Start><End>2017-10-12 14:43:14</End><SuggestionStart>2017-10-12 14:43:14</SuggestionStart><SuggestionEnd>2017-10-12 14:43:14</SuggestionEnd><EarliestStart>2017-10-12 14:43:14</EarliestStart><LatestEnd>2017-10-12 21:55:00</LatestEnd></Timing></Item><Item RefId="11302" Id="33825" Title="" Type="sess" Page="" StartPage="" Style="0"><Timing Type="1" Visible="0" Changeable="0"><Start>2017-10-12 14:43:14</Start><End>2017-10-12 14:43:14</End><SuggestionStart>2017-10-12 14:43:14</SuggestionStart><SuggestionEnd>2017-10-12 14:43:14</SuggestionEnd><EarliestStart>2017-10-12 14:43:14</EarliestStart><LatestEnd>2017-10-12 21:55:00</LatestEnd></Timing></Item><Item RefId="11303" Id="33827" Title="" Type="sess" Page="" StartPage="" Style="0"><Timing Type="1" Visible="0" Changeable="0"><Start>2017-10-12 14:43:14</Start><End>2017-10-12 14:43:14</End><SuggestionStart>2017-10-12 14:43:14</SuggestionStart><SuggestionEnd>2017-10-12 14:43:14</SuggestionEnd><EarliestStart>2017-10-12 14:43:14</EarliestStart><LatestEnd>2017-10-12 21:55:00</LatestEnd></Timing></Item><Item RefId="11304" Id="33829" Title="" Type="sess" Page="" StartPage="" Style="0"><Timing Type="1" Visible="0" Changeable="0"><Start>2017-10-12 14:43:14</Start><End>2017-10-12 14:43:14</End><SuggestionStart>2017-10-12 14:43:14</SuggestionStart><SuggestionEnd>2017-10-12 14:43:14</SuggestionEnd><EarliestStart>2017-10-12 14:43:14</EarliestStart><LatestEnd>2017-10-12 21:55:00</LatestEnd></Timing></Item><Item RefId="11305" Id="33831" Title="" Type="sess" Page="" StartPage="" Style="0"><Timing Type="1" Visible="0" Changeable="0"><Start>2017-10-12 14:43:14</Start><End>2017-10-12 14:43:14</End><SuggestionStart>2017-10-12 14:43:14</SuggestionStart><SuggestionEnd>2017-10-12 14:43:14</SuggestionEnd><EarliestStart>2017-10-12 14:43:14</EarliestStart><LatestEnd>2017-10-12 21:55:00</LatestEnd></Timing></Item><Item RefId="11306" Id="33833" Title="" Type="sess" Page="" StartPage="" Style="0"><Timing Type="1" Visible="0" Changeable="0"><Start>2017-10-12 14:43:14</Start><End>2017-10-12 14:43:14</End><SuggestionStart>2017-10-12 14:43:14</SuggestionStart><SuggestionEnd>2017-10-12 14:43:14</SuggestionEnd><EarliestStart>2017-10-12 14:43:14</EarliestStart><LatestEnd>2017-10-12 21:55:00</LatestEnd></Timing></Item><Item RefId="11307" Id="33835" Title="" Type="sess" Page="" StartPage="" Style="0"><Timing Type="1" Visible="0" Changeable="0"><Start>2017-10-12 14:43:14</Start><End>2017-10-12 14:43:14</End><SuggestionStart>2017-10-12 14:43:14</SuggestionStart><SuggestionEnd>2017-10-12 14:43:14</SuggestionEnd><EarliestStart>2017-10-12 14:43:14</EarliestStart><LatestEnd>2017-10-12 21:55:00</LatestEnd></Timing></Item><Item RefId="11308" Id="33837" Title="" Type="sess" Page="" StartPage="" Style="0"><Timing Type="1" Visible="0" Changeable="0"><Start>2017-10-12 14:43:14</Start><End>2017-10-12 14:43:14</End><SuggestionStart>2017-10-12 14:43:14</SuggestionStart><SuggestionEnd>2017-10-12 14:43:14</SuggestionEnd><EarliestStart>2017-10-12 14:43:14</EarliestStart><LatestEnd>2017-10-12 21:55:00</LatestEnd></Timing></Item><Item RefId="11309" Id="33839" Title="" Type="sess" Page="" StartPage="" Style="0"><Timing Type="1" Visible="0" Changeable="0"><Start>2017-10-12 14:43:14</Start><End>2017-10-12 14:43:14</End><SuggestionStart>2017-10-12 14:43:14</SuggestionStart><SuggestionEnd>2017-10-12 14:43:14</SuggestionEnd><EarliestStart>2017-10-12 14:43:14</EarliestStart><LatestEnd>2017-10-12 21:55:00</LatestEnd></Timing></Item><Item RefId="11310" Id="33841" Title="" Type="sess" Page="" StartPage="" Style="0"><Timing Type="1" Visible="0" Changeable="0"><Start>2017-10-12 14:43:14</Start><End>2017-10-12 14:43:14</End><SuggestionStart>2017-10-12 14:43:14</SuggestionStart><SuggestionEnd>2017-10-12 14:43:14</SuggestionEnd><EarliestStart>2017-10-12 14:43:14</EarliestStart><LatestEnd>2017-10-12 21:55:00</LatestEnd></Timing></Item><Item RefId="11311" Id="33843" Title="" Type="sess" Page="" StartPage="" Style="0"><Timing Type="1" Visible="0" Changeable="0"><Start>2017-10-12 14:43:14</Start><End>2017-10-12 14:43:14</End><SuggestionStart>2017-10-12 14:43:14</SuggestionStart><SuggestionEnd>2017-10-12 14:43:14</SuggestionEnd><EarliestStart>2017-10-12 14:43:14</EarliestStart><LatestEnd>2017-10-12 21:55:00</LatestEnd></Timing></Item><Item RefId="11312" Id="33845" Title="" Type="sess" Page="" StartPage="" Style="0"><Timing Type="1" Visible="0" Changeable="0"><Start>2017-10-12 14:43:14</Start><End>2017-10-12 14:43:14</End><SuggestionStart>2017-10-12 14:43:14</SuggestionStart><SuggestionEnd>2017-10-12 14:43:14</SuggestionEnd><EarliestStart>2017-10-12 14:43:14</EarliestStart><LatestEnd>2017-10-12 21:55:00</LatestEnd></Timing></Item><Item RefId="11313" Id="33847" Title="" Type="sess" Page="" StartPage="" Style="0"><Timing Type="1" Visible="0" Changeable="0"><Start>2017-10-12 14:43:14</Start><End>2017-10-12 14:43:14</End><SuggestionStart>2017-10-12 14:43:14</SuggestionStart><SuggestionEnd>2017-10-12 14:43:14</SuggestionEnd><EarliestStart>2017-10-12 14:43:14</EarliestStart><LatestEnd>2017-10-12 21:55:00</LatestEnd></Timing></Item><Item RefId="11314" Id="33849" Title="" Type="sess" Page="" StartPage="" Style="0"><Timing Type="1" Visible="0" Changeable="0"><Start>2017-10-12 14:43:14</Start><End>2017-10-12 14:43:14</End><SuggestionStart>2017-10-12 14:43:14</SuggestionStart><SuggestionEnd>2017-10-12 14:43:14</SuggestionEnd><EarliestStart>2017-10-12 14:43:14</EarliestStart><LatestEnd>2017-10-12 21:55:00</LatestEnd></Timing></Item><Item RefId="11315" Id="33851" Title="" Type="sess" Page="" StartPage="" Style="0"><Timing Type="1" Visible="0" Changeable="0"><Start>2017-10-12 14:43:14</Start><End>2017-10-12 14:43:14</End><SuggestionStart>2017-10-12 14:43:14</SuggestionStart><SuggestionEnd>2017-10-12 14:43:14</SuggestionEnd><EarliestStart>2017-10-12 14:43:14</EarliestStart><LatestEnd>2017-10-12 21:55:00</LatestEnd></Timing></Item><Item RefId="11316" Id="33853" Title="" Type="sess" Page="" StartPage="" Style="0"><Timing Type="1" Visible="0" Changeable="0"><Start>2017-10-12 14:43:14</Start><End>2017-10-12 14:43:14</End><SuggestionStart>2017-10-12 14:43:14</SuggestionStart><SuggestionEnd>2017-10-12 14:43:14</SuggestionEnd><EarliestStart>2017-10-12 14:43:14</EarliestStart><LatestEnd>2017-10-12 21:55:00</LatestEnd></Timing></Item><Item RefId="11317" Id="33855" Title="" Type="sess" Page="" StartPage="" Style="0"><Timing Type="1" Visible="0" Changeable="0"><Start>2017-10-12 14:43:14</Start><End>2017-10-12 14:43:14</End><SuggestionStart>2017-10-12 14:43:14</SuggestionStart><SuggestionEnd>2017-10-12 14:43:14</SuggestionEnd><EarliestStart>2017-10-12 14:43:14</EarliestStart><LatestEnd>2017-10-12 21:55:00</LatestEnd></Timing></Item><Item RefId="11318" Id="33857" Title="" Type="sess" Page="" StartPage="" Style="0"><Timing Type="1" Visible="0" Changeable="0"><Start>2017-10-12 14:43:14</Start><End>2017-10-12 14:43:14</End><SuggestionStart>2017-10-12 14:43:14</SuggestionStart><SuggestionEnd>2017-10-12 14:43:14</SuggestionEnd><EarliestStart>2017-10-12 14:43:14</EarliestStart><LatestEnd>2017-10-12 21:55:00</LatestEnd></Timing></Item><Item RefId="11319" Id="33859" Title="" Type="sess" Page="" StartPage="" Style="0"><Timing Type="1" Visible="0" Changeable="0"><Start>2017-10-12 14:43:14</Start><End>2017-10-12 14:43:14</End><SuggestionStart>2017-10-12 14:43:14</SuggestionStart><SuggestionEnd>2017-10-12 14:43:14</SuggestionEnd><EarliestStart>2017-10-12 14:43:14</EarliestStart><LatestEnd>2017-10-12 21:55:00</LatestEnd></Timing></Item><Item RefId="11320" Id="33861" Title="" Type="sess" Page="" StartPage="" Style="0"><Timing Type="1" Visible="0" Changeable="0"><Start>2017-10-12 14:43:14</Start><End>2017-10-12 14:43:14</End><SuggestionStart>2017-10-12 14:43:14</SuggestionStart><SuggestionEnd>2017-10-12 14:43:14</SuggestionEnd><EarliestStart>2017-10-12 14:43:14</EarliestStart><LatestEnd>2017-10-12 21:55:00</LatestEnd></Timing></Item><Item RefId="11321" Id="33863" Title="" Type="sess" Page="" StartPage="" Style="0"><Timing Type="1" Visible="0" Changeable="0"><Start>2017-10-12 14:43:14</Start><End>2017-10-12 14:43:14</End><SuggestionStart>2017-10-12 14:43:14</SuggestionStart><SuggestionEnd>2017-10-12 14:43:14</SuggestionEnd><EarliestStart>2017-10-12 14:43:14</EarliestStart><LatestEnd>2017-10-12 21:55:00</LatestEnd></Timing></Item><Item RefId="11322" Id="33865" Title="" Type="sess" Page="" StartPage="" Style="0"><Timing Type="1" Visible="0" Changeable="0"><Start>2017-10-12 14:43:14</Start><End>2017-10-12 14:43:14</End><SuggestionStart>2017-10-12 14:43:14</SuggestionStart><SuggestionEnd>2017-10-12 14:43:14</SuggestionEnd><EarliestStart>2017-10-12 14:43:14</EarliestStart><LatestEnd>2017-10-12 21:55:00</LatestEnd></Timing></Item><Item RefId="11323" Id="33867" Title="" Type="sess" Page="" StartPage="" Style="0"><Timing Type="1" Visible="0" Changeable="0"><Start>2017-10-12 14:43:14</Start><End>2017-10-12 14:43:14</End><SuggestionStart>2017-10-12 14:43:14</SuggestionStart><SuggestionEnd>2017-10-12 14:43:14</SuggestionEnd><EarliestStart>2017-10-12 14:43:14</EarliestStart><LatestEnd>2017-10-12 21:55:00</LatestEnd></Timing></Item><Item RefId="11324" Id="33869" Title="" Type="sess" Page="" StartPage="" Style="0"><Timing Type="1" Visible="0" Changeable="0"><Start>2017-10-12 14:43:14</Start><End>2017-10-12 14:43:14</End><SuggestionStart>2017-10-12 14:43:14</SuggestionStart><SuggestionEnd>2017-10-12 14:43:14</SuggestionEnd><EarliestStart>2017-10-12 14:43:14</EarliestStart><LatestEnd>2017-10-12 21:55:00</LatestEnd></Timing></Item><Item RefId="11325" Id="33871" Title="" Type="sess" Page="" StartPage="" Style="0"><Timing Type="1" Visible="0" Changeable="0"><Start>2017-10-12 14:43:14</Start><End>2017-10-12 14:43:14</End><SuggestionStart>2017-10-12 14:43:14</SuggestionStart><SuggestionEnd>2017-10-12 14:43:14</SuggestionEnd><EarliestStart>2017-10-12 14:43:14</EarliestStart><LatestEnd>2017-10-12 21:55:00</LatestEnd></Timing></Item><Item RefId="11326" Id="33873" Title="" Type="sess" Page="" StartPage="" Style="0"><Timing Type="1" Visible="0" Changeable="0"><Start>2017-10-12 14:43:14</Start><End>2017-10-12 14:43:14</End><SuggestionStart>2017-10-12 14:43:14</SuggestionStart><SuggestionEnd>2017-10-12 14:43:14</SuggestionEnd><EarliestStart>2017-10-12 14:43:14</EarliestStart><LatestEnd>2017-10-12 21:55:00</LatestEnd></Timing></Item><Item RefId="11327" Id="33875" Title="" Type="sess" Page="" StartPage="" Style="0"><Timing Type="1" Visible="0" Changeable="0"><Start>2017-10-12 14:43:14</Start><End>2017-10-12 14:43:14</End><SuggestionStart>2017-10-12 14:43:14</SuggestionStart><SuggestionEnd>2017-10-12 14:43:14</SuggestionEnd><EarliestStart>2017-10-12 14:43:14</EarliestStart><LatestEnd>2017-10-12 21:55:00</LatestEnd></Timing></Item><Item RefId="11328" Id="33877" Title="" Type="sess" Page="" StartPage="" Style="0"><Timing Type="1" Visible="0" Changeable="0"><Start>2017-10-12 14:43:14</Start><End>2017-10-12 14:43:14</End><SuggestionStart>2017-10-12 14:43:14</SuggestionStart><SuggestionEnd>2017-10-12 14:43:14</SuggestionEnd><EarliestStart>2017-10-12 14:43:14</EarliestStart><LatestEnd>2017-10-12 21:55:00</LatestEnd></Timing></Item><Item RefId="11329" Id="33879" Title="" Type="sess" Page="" StartPage="" Style="0"><Timing Type="1" Visible="0" Changeable="0"><Start>2017-10-12 14:43:14</Start><End>2017-10-12 14:43:14</End><SuggestionStart>2017-10-12 14:43:14</SuggestionStart><SuggestionEnd>2017-10-12 14:43:14</SuggestionEnd><EarliestStart>2017-10-12 14:43:14</EarliestStart><LatestEnd>2017-10-12 21:55:00</LatestEnd></Timing></Item><Item RefId="11330" Id="33881" Title="" Type="sess" Page="" StartPage="" Style="0"><Timing Type="1" Visible="0" Changeable="0"><Start>2017-10-12 14:43:14</Start><End>2017-10-12 14:43:14</End><SuggestionStart>2017-10-12 14:43:14</SuggestionStart><SuggestionEnd>2017-10-12 14:43:14</SuggestionEnd><EarliestStart>2017-10-12 14:43:14</EarliestStart><LatestEnd>2017-10-12 21:55:00</LatestEnd></Timing></Item><Item RefId="11331" Id="33883" Title="" Type="sess" Page="" StartPage="" Style="0"><Timing Type="1" Visible="0" Changeable="0"><Start>2017-10-12 14:43:14</Start><End>2017-10-12 14:43:14</End><SuggestionStart>2017-10-12 14:43:14</SuggestionStart><SuggestionEnd>2017-10-12 14:43:14</SuggestionEnd><EarliestStart>2017-10-12 14:43:14</EarliestStart><LatestEnd>2017-10-12 21:55:00</LatestEnd></Timing></Item><Item RefId="11332" Id="33885" Title="" Type="sess" Page="" StartPage="" Style="0"><Timing Type="1" Visible="0" Changeable="0"><Start>2017-10-12 14:43:14</Start><End>2017-10-12 14:43:14</End><SuggestionStart>2017-10-12 14:43:14</SuggestionStart><SuggestionEnd>2017-10-12 14:43:14</SuggestionEnd><EarliestStart>2017-10-12 14:43:14</EarliestStart><LatestEnd>2017-10-12 21:55:00</LatestEnd></Timing></Item><Item RefId="11333" Id="33887" Title="" Type="sess" Page="" StartPage="" Style="0"><Timing Type="1" Visible="0" Changeable="0"><Start>2017-10-12 14:43:14</Start><End>2017-10-12 14:43:14</End><SuggestionStart>2017-10-12 14:43:14</SuggestionStart><SuggestionEnd>2017-10-12 14:43:14</SuggestionEnd><EarliestStart>2017-10-12 14:43:14</EarliestStart><LatestEnd>2017-10-12 21:55:00</LatestEnd></Timing></Item><Item RefId="11334" Id="33889" Title="" Type="sess" Page="" StartPage="" Style="0"><Timing Type="1" Visible="0" Changeable="0"><Start>2017-10-12 14:43:14</Start><End>2017-10-12 14:43:14</End><SuggestionStart>2017-10-12 14:43:14</SuggestionStart><SuggestionEnd>2017-10-12 14:43:14</SuggestionEnd><EarliestStart>2017-10-12 14:43:14</EarliestStart><LatestEnd>2017-10-12 21:55:00</LatestEnd></Timing></Item><Item RefId="11335" Id="33891" Title="" Type="sess" Page="" StartPage="" Style="0"><Timing Type="1" Visible="0" Changeable="0"><Start>2017-10-12 14:43:14</Start><End>2017-10-12 14:43:14</End><SuggestionStart>2017-10-12 14:43:14</SuggestionStart><SuggestionEnd>2017-10-12 14:43:14</SuggestionEnd><EarliestStart>2017-10-12 14:43:14</EarliestStart><LatestEnd>2017-10-12 21:55:00</LatestEnd></Timing></Item><Item RefId="11336" Id="33893" Title="" Type="sess" Page="" StartPage="" Style="0"><Timing Type="1" Visible="0" Changeable="0"><Start>2017-10-12 14:43:14</Start><End>2017-10-12 14:43:14</End><SuggestionStart>2017-10-12 14:43:14</SuggestionStart><SuggestionEnd>2017-10-12 14:43:14</SuggestionEnd><EarliestStart>2017-10-12 14:43:14</EarliestStart><LatestEnd>2017-10-12 21:55:00</LatestEnd></Timing></Item><Item RefId="11337" Id="33895" Title="" Type="sess" Page="" StartPage="" Style="0"><Timing Type="1" Visible="0" Changeable="0"><Start>2017-10-12 14:43:14</Start><End>2017-10-12 14:43:14</End><SuggestionStart>2017-10-12 14:43:14</SuggestionStart><SuggestionEnd>2017-10-12 14:43:14</SuggestionEnd><EarliestStart>2017-10-12 14:43:14</EarliestStart><LatestEnd>2017-10-12 21:55:00</LatestEnd></Timing></Item><Item RefId="11338" Id="33897" Title="" Type="sess" Page="" StartPage="" Style="0"><Timing Type="1" Visible="0" Changeable="0"><Start>2017-10-12 14:43:14</Start><End>2017-10-12 14:43:14</End><SuggestionStart>2017-10-12 14:43:14</SuggestionStart><SuggestionEnd>2017-10-12 14:43:14</SuggestionEnd><EarliestStart>2017-10-12 14:43:14</EarliestStart><LatestEnd>2017-10-12 21:55:00</LatestEnd></Timing></Item><Item RefId="11339" Id="33899" Title="" Type="sess" Page="" StartPage="" Style="0"><Timing Type="1" Visible="0" Changeable="0"><Start>2017-10-12 14:43:14</Start><End>2017-10-12 14:43:14</End><SuggestionStart>2017-10-12 14:43:14</SuggestionStart><SuggestionEnd>2017-10-12 14:43:14</SuggestionEnd><EarliestStart>2017-10-12 14:43:14</EarliestStart><LatestEnd>2017-10-12 21:55:00</LatestEnd></Timing></Item><Item RefId="11340" Id="33901" Title="" Type="sess" Page="" StartPage="" Style="0"><Timing Type="1" Visible="0" Changeable="0"><Start>2017-10-12 14:43:14</Start><End>2017-10-12 14:43:14</End><SuggestionStart>2017-10-12 14:43:14</SuggestionStart><SuggestionEnd>2017-10-12 14:43:14</SuggestionEnd><EarliestStart>2017-10-12 14:43:14</EarliestStart><LatestEnd>2017-10-12 21:55:00</LatestEnd></Timing></Item><Item RefId="11341" Id="33903" Title="" Type="sess" Page="" StartPage="" Style="0"><Timing Type="1" Visible="0" Changeable="0"><Start>2017-10-12 14:43:14</Start><End>2017-10-12 14:43:14</End><SuggestionStart>2017-10-12 14:43:14</SuggestionStart><SuggestionEnd>2017-10-12 14:43:14</SuggestionEnd><EarliestStart>2017-10-12 14:43:14</EarliestStart><LatestEnd>2017-10-12 21:55:00</LatestEnd></Timing></Item></Item></Items></exp:ExportItem></exp:Export>