<?xml version="1.0" encoding="utf-8"?>
<!--Generated by ILIAS XmlWriter-->
<Manifest MainEntity="cat" Title="Performance Test Category" TargetRelease="5.3.0" InstallationId="0" InstallationUrl="http://localhost-php7/1_dev/trunk/www">
  <ExportSet Path="set_1/1508395276__0__cat_33913" Type="cat"/>
  <ExportSet Path="set_2/1508395277__0__crs_33905" Type="crs"/>
  <ExportSet Path="set_3/1508395277__0__sess_34297" Type="sess"/>
  <ExportSet Path="set_4/1508395277__0__sess_34299" Type="sess"/>
  <ExportSet Path="set_5/1508395277__0__sess_34301" Type="sess"/>
  <ExportSet Path="set_6/1508395277__0__sess_34303" Type="sess"/>
  <ExportSet Path="set_7/1508395277__0__sess_34305" Type="sess"/>
  <ExportSet Path="set_8/1508395277__0__sess_34307" Type="sess"/>
  <ExportSet Path="set_9/1508395277__0__sess_34309" Type="sess"/>
  <ExportSet Path="set_10/1508395277__0__sess_34311" Type="sess"/>
  <ExportSet Path="set_11/1508395277__0__sess_34313" Type="sess"/>
  <ExportSet Path="set_12/1508395277__0__sess_34315" Type="sess"/>
  <ExportSet Path="set_13/1508395277__0__crs_33801" Type="crs"/>
  <ExportSet Path="set_14/1508395277__0__sess_33805" Type="sess"/>
  <ExportSet Path="set_15/1508395277__0__sess_33807" Type="sess"/>
  <ExportSet Path="set_16/1508395278__0__sess_33809" Type="sess"/>
  <ExportSet Path="set_17/1508395278__0__sess_33811" Type="sess"/>
  <ExportSet Path="set_18/1508395278__0__sess_33813" Type="sess"/>
  <ExportSet Path="set_19/1508395278__0__sess_33815" Type="sess"/>
  <ExportSet Path="set_20/1508395278__0__sess_33817" Type="sess"/>
  <ExportSet Path="set_21/1508395278__0__sess_33819" Type="sess"/>
  <ExportSet Path="set_22/1508395278__0__sess_33821" Type="sess"/>
  <ExportSet Path="set_23/1508395278__0__sess_33823" Type="sess"/>
  <ExportSet Path="set_24/1508395278__0__sess_33825" Type="sess"/>
  <ExportSet Path="set_25/1508395278__0__sess_33827" Type="sess"/>
  <ExportSet Path="set_26/1508395278__0__sess_33829" Type="sess"/>
  <ExportSet Path="set_27/1508395278__0__sess_33831" Type="sess"/>
  <ExportSet Path="set_28/1508395278__0__sess_33833" Type="sess"/>
  <ExportSet Path="set_29/1508395278__0__sess_33835" Type="sess"/>
  <ExportSet Path="set_30/1508395278__0__sess_33837" Type="sess"/>
  <ExportSet Path="set_31/1508395278__0__sess_33839" Type="sess"/>
  <ExportSet Path="set_32/1508395278__0__sess_33841" Type="sess"/>
  <ExportSet Path="set_33/1508395279__0__sess_33843" Type="sess"/>
  <ExportSet Path="set_34/1508395279__0__sess_33845" Type="sess"/>
  <ExportSet Path="set_35/1508395279__0__sess_33847" Type="sess"/>
  <ExportSet Path="set_36/1508395279__0__sess_33849" Type="sess"/>
  <ExportSet Path="set_37/1508395279__0__sess_33851" Type="sess"/>
  <ExportSet Path="set_38/1508395279__0__sess_33853" Type="sess"/>
  <ExportSet Path="set_39/1508395279__0__sess_33855" Type="sess"/>
  <ExportSet Path="set_40/1508395279__0__sess_33857" Type="sess"/>
  <ExportSet Path="set_41/1508395279__0__sess_33859" Type="sess"/>
  <ExportSet Path="set_42/1508395279__0__sess_33861" Type="sess"/>
  <ExportSet Path="set_43/1508395279__0__sess_33863" Type="sess"/>
  <ExportSet Path="set_44/1508395279__0__sess_33865" Type="sess"/>
  <ExportSet Path="set_45/1508395279__0__sess_33867" Type="sess"/>
  <ExportSet Path="set_46/1508395279__0__sess_33869" Type="sess"/>
  <ExportSet Path="set_47/1508395279__0__sess_33871" Type="sess"/>
  <ExportSet Path="set_48/1508395279__0__sess_33873" Type="sess"/>
  <ExportSet Path="set_49/1508395279__0__sess_33875" Type="sess"/>
  <ExportSet Path="set_50/1508395279__0__sess_33877" Type="sess"/>
  <ExportSet Path="set_51/1508395280__0__sess_33879" Type="sess"/>
  <ExportSet Path="set_52/1508395280__0__sess_33881" Type="sess"/>
  <ExportSet Path="set_53/1508395280__0__sess_33883" Type="sess"/>
  <ExportSet Path="set_54/1508395280__0__sess_33885" Type="sess"/>
  <ExportSet Path="set_55/1508395280__0__sess_33887" Type="sess"/>
  <ExportSet Path="set_56/1508395280__0__sess_33889" Type="sess"/>
  <ExportSet Path="set_57/1508395280__0__sess_33891" Type="sess"/>
  <ExportSet Path="set_58/1508395280__0__sess_33893" Type="sess"/>
  <ExportSet Path="set_59/1508395280__0__sess_33895" Type="sess"/>
  <ExportSet Path="set_60/1508395280__0__sess_33897" Type="sess"/>
  <ExportSet Path="set_61/1508395280__0__sess_33899" Type="sess"/>
  <ExportSet Path="set_62/1508395280__0__sess_33901" Type="sess"/>
  <ExportSet Path="set_63/1508395280__0__sess_33903" Type="sess"/>
  <ExportSet Path="set_64/1508395280__0__crs_33675" Type="crs"/>
  <ExportSet Path="set_65/1508395280__0__sess_34169" Type="sess"/>
  <ExportSet Path="set_66/1508395280__0__sess_34171" Type="sess"/>
  <ExportSet Path="set_67/1508395281__0__sess_34173" Type="sess"/>
  <ExportSet Path="set_68/1508395281__0__sess_34175" Type="sess"/>
  <ExportSet Path="set_69/1508395281__0__sess_34177" Type="sess"/>
  <ExportSet Path="set_70/1508395281__0__sess_34179" Type="sess"/>
  <ExportSet Path="set_71/1508395281__0__sess_34181" Type="sess"/>
  <ExportSet Path="set_72/1508395281__0__sess_34183" Type="sess"/>
  <ExportSet Path="set_73/1508395281__0__sess_34185" Type="sess"/>
  <ExportSet Path="set_74/1508395281__0__sess_34187" Type="sess"/>
  <ExportSet Path="set_75/1508395281__0__sess_34189" Type="sess"/>
  <ExportSet Path="set_76/1508395281__0__sess_34191" Type="sess"/>
  <ExportSet Path="set_77/1508395281__0__sess_34193" Type="sess"/>
  <ExportSet Path="set_78/1508395281__0__sess_34195" Type="sess"/>
  <ExportSet Path="set_79/1508395281__0__sess_34197" Type="sess"/>
  <ExportSet Path="set_80/1508395281__0__sess_34199" Type="sess"/>
  <ExportSet Path="set_81/1508395281__0__sess_34201" Type="sess"/>
  <ExportSet Path="set_82/1508395281__0__sess_34203" Type="sess"/>
  <ExportSet Path="set_83/1508395281__0__sess_34205" Type="sess"/>
  <ExportSet Path="set_84/1508395281__0__sess_34207" Type="sess"/>
  <ExportSet Path="set_85/1508395282__0__sess_34209" Type="sess"/>
  <ExportSet Path="set_86/1508395282__0__sess_34211" Type="sess"/>
  <ExportSet Path="set_87/1508395282__0__sess_34213" Type="sess"/>
  <ExportSet Path="set_88/1508395282__0__sess_34215" Type="sess"/>
  <ExportSet Path="set_89/1508395282__0__sess_34217" Type="sess"/>
  <ExportSet Path="set_90/1508395282__0__sess_34219" Type="sess"/>
  <ExportSet Path="set_91/1508395282__0__sess_34221" Type="sess"/>
  <ExportSet Path="set_92/1508395282__0__sess_34223" Type="sess"/>
  <ExportSet Path="set_93/1508395282__0__sess_34225" Type="sess"/>
  <ExportSet Path="set_94/1508395282__0__sess_34227" Type="sess"/>
  <ExportSet Path="set_95/1508395282__0__sess_34229" Type="sess"/>
  <ExportSet Path="set_96/1508395282__0__sess_34231" Type="sess"/>
  <ExportSet Path="set_97/1508395282__0__sess_34233" Type="sess"/>
  <ExportSet Path="set_98/1508395282__0__sess_34235" Type="sess"/>
  <ExportSet Path="set_99/1508395282__0__sess_34237" Type="sess"/>
  <ExportSet Path="set_100/1508395282__0__sess_34239" Type="sess"/>
  <ExportSet Path="set_101/1508395282__0__sess_34241" Type="sess"/>
  <ExportSet Path="set_102/1508395282__0__sess_34243" Type="sess"/>
  <ExportSet Path="set_103/1508395283__0__sess_34245" Type="sess"/>
  <ExportSet Path="set_104/1508395283__0__sess_34247" Type="sess"/>
  <ExportSet Path="set_105/1508395283__0__sess_34249" Type="sess"/>
  <ExportSet Path="set_106/1508395283__0__sess_34251" Type="sess"/>
  <ExportSet Path="set_107/1508395283__0__sess_34253" Type="sess"/>
  <ExportSet Path="set_108/1508395283__0__sess_34255" Type="sess"/>
  <ExportSet Path="set_109/1508395283__0__sess_34257" Type="sess"/>
  <ExportSet Path="set_110/1508395283__0__sess_34259" Type="sess"/>
  <ExportSet Path="set_111/1508395283__0__sess_34261" Type="sess"/>
  <ExportSet Path="set_112/1508395283__0__sess_34263" Type="sess"/>
  <ExportSet Path="set_113/1508395283__0__sess_34265" Type="sess"/>
  <ExportSet Path="set_114/1508395283__0__sess_34267" Type="sess"/>
  <ExportSet Path="set_115/1508395283__0__sess_34269" Type="sess"/>
  <ExportSet Path="set_116/1508395283__0__sess_34271" Type="sess"/>
  <ExportSet Path="set_117/1508395283__0__sess_34273" Type="sess"/>
  <ExportSet Path="set_118/1508395283__0__sess_34275" Type="sess"/>
  <ExportSet Path="set_119/1508395283__0__sess_34277" Type="sess"/>
  <ExportSet Path="set_120/1508395283__0__sess_34279" Type="sess"/>
  <ExportSet Path="set_121/1508395284__0__sess_34281" Type="sess"/>
  <ExportSet Path="set_122/1508395284__0__sess_34283" Type="sess"/>
  <ExportSet Path="set_123/1508395284__0__sess_34285" Type="sess"/>
  <ExportSet Path="set_124/1508395284__0__sess_34287" Type="sess"/>
  <ExportSet Path="set_125/1508395284__0__sess_34289" Type="sess"/>
  <ExportSet Path="set_126/1508395284__0__frm_33918" Type="frm"/>
</Manifest>