<?xml version="1.0" encoding="utf-8"?><!--Generated by ILIAS XmlWriter--><exp:Export InstallationId="0" InstallationUrl="http://localhost-php7/1_dev/trunk/www" Entity="struct" SchemaVersion="4.1.0" TargetRelease="5.3.0" xmlns:xsi="http://www.w3.org/2001/XMLSchema-instance" xmlns:exp="http://www.ilias.de/Services/Export/exp/4_1" xsi:schemaLocation="http://www.ilias.de/Services/Export/exp/4_1 http://localhost-php7/1_dev/trunk/www/xml/ilias_export_4_1.xsd http://www.ilias.de/Modules/Folder/fold/4_1 http://localhost-php7/1_dev/trunk/www/xml/ilias_fold_4_1.xsd" xmlns="http://www.ilias.de/Modules/Folder/fold/4_1"><exp:ExportItem Id="33913"><Items><Item RefId="11345" Id="33913" Title="Performance Test Category" Type="cat" Page="" StartPage="" Style="0"><Timing Type="1" Visible="0" Changeable="0"><Start>2017-10-13 05:59:06</Start><End>2017-10-13 05:59:06</End><SuggestionStart>2017-10-13 05:59:06</SuggestionStart><SuggestionEnd>2017-10-13 05:59:06</SuggestionEnd><EarliestStart>2017-10-13 05:59:06</EarliestStart><LatestEnd>2017-10-13 21:55:00</LatestEnd></Timing><Item RefId="11342" Id="33905" Title="Course_10_Sessions" Type="crs" Page="" StartPage="" Style="0"><Timing Type="1" Visible="0" Changeable="0"></Timing><Item RefId="11538" Id="34297" Title="" Type="sess" Page="" StartPage="" Style="0"><Timing Type="1" Visible="0" Changeable="0"><Start>2017-10-16 08:36:31</Start><End>2017-10-16 08:36:31</End><SuggestionStart>2017-10-16 08:36:31</SuggestionStart><SuggestionEnd>2017-10-16 08:36:31</SuggestionEnd><EarliestStart>2017-10-16 08:36:31</EarliestStart><LatestEnd>2017-10-16 21:55:00</LatestEnd></Timing></Item><Item RefId="11539" Id="34299" Title="" Type="sess" Page="" StartPage="" Style="0"><Timing Type="1" Visible="0" Changeable="0"><Start>2017-10-16 08:36:31</Start><End>2017-10-16 08:36:31</End><SuggestionStart>2017-10-16 08:36:31</SuggestionStart><SuggestionEnd>2017-10-16 08:36:31</SuggestionEnd><EarliestStart>2017-10-16 08:36:31</EarliestStart><LatestEnd>2017-10-16 21:55:00</LatestEnd></Timing></Item><Item RefId="11540" Id="34301" Title="" Type="sess" Page="" StartPage="" Style="0"><Timing Type="1" Visible="0" Changeable="0"><Start>2017-10-16 08:36:31</Start><End>2017-10-16 08:36:31</End><SuggestionStart>2017-10-16 08:36:31</SuggestionStart><SuggestionEnd>2017-10-16 08:36:31</SuggestionEnd><EarliestStart>2017-10-16 08:36:31</EarliestStart><LatestEnd>2017-10-16 21:55:00</LatestEnd></Timing></Item><Item RefId="11541" Id="34303" Title="" Type="sess" Page="" StartPage="" Style="0"><Timing Type="1" Visible="0" Changeable="0"><Start>2017-10-16 08:36:31</Start><End>2017-10-16 08:36:31</End><SuggestionStart>2017-10-16 08:36:31</SuggestionStart><SuggestionEnd>2017-10-16 08:36:31</SuggestionEnd><EarliestStart>2017-10-16 08:36:31</EarliestStart><LatestEnd>2017-10-16 21:55:00</LatestEnd></Timing></Item><Item RefId="11542" Id="34305" Title="" Type="sess" Page="" StartPage="" Style="0"><Timing Type="1" Visible="0" Changeable="0"><Start>2017-10-16 08:36:31</Start><End>2017-10-16 08:36:31</End><SuggestionStart>2017-10-16 08:36:31</SuggestionStart><SuggestionEnd>2017-10-16 08:36:31</SuggestionEnd><EarliestStart>2017-10-16 08:36:31</EarliestStart><LatestEnd>2017-10-16 21:55:00</LatestEnd></Timing></Item><Item RefId="11543" Id="34307" Title="" Type="sess" Page="" StartPage="" Style="0"><Timing Type="1" Visible="0" Changeable="0"><Start>2017-10-16 08:36:31</Start><End>2017-10-16 08:36:31</End><SuggestionStart>2017-10-16 08:36:31</SuggestionStart><SuggestionEnd>2017-10-16 08:36:31</SuggestionEnd><EarliestStart>2017-10-16 08:36:31</EarliestStart><LatestEnd>2017-10-16 21:55:00</LatestEnd></Timing></Item><Item RefId="11544" Id="34309" Title="" Type="sess" Page="" StartPage="" Style="0"><Timing Type="1" Visible="0" Changeable="0"><Start>2017-10-16 08:36:31</Start><End>2017-10-16 08:36:31</End><SuggestionStart>2017-10-16 08:36:31</SuggestionStart><SuggestionEnd>2017-10-16 08:36:31</SuggestionEnd><EarliestStart>2017-10-16 08:36:31</EarliestStart><LatestEnd>2017-10-16 21:55:00</LatestEnd></Timing></Item><Item RefId="11545" Id="34311" Title="" Type="sess" Page="" StartPage="" Style="0"><Timing Type="1" Visible="0" Changeable="0"><Start>2017-10-16 08:36:31</Start><End>2017-10-16 08:36:31</End><SuggestionStart>2017-10-16 08:36:31</SuggestionStart><SuggestionEnd>2017-10-16 08:36:31</SuggestionEnd><EarliestStart>2017-10-16 08:36:31</EarliestStart><LatestEnd>2017-10-16 21:55:00</LatestEnd></Timing></Item><Item RefId="11546" Id="34313" Title="" Type="sess" Page="" StartPage="" Style="0"><Timing Type="1" Visible="0" Changeable="0"><Start>2017-10-16 08:36:31</Start><End>2017-10-16 08:36:31</End><SuggestionStart>2017-10-16 08:36:31</SuggestionStart><SuggestionEnd>2017-10-16 08:36:31</SuggestionEnd><EarliestStart>2017-10-16 08:36:31</EarliestStart><LatestEnd>2017-10-16 21:55:00</LatestEnd></Timing></Item><Item RefId="11547" Id="34315" Title="" Type="sess" Page="" StartPage="" Style="0"><Timing Type="1" Visible="0" Changeable="0"><Start>2017-10-16 08:36:31</Start><End>2017-10-16 08:36:31</End><SuggestionStart>2017-10-16 08:36:31</SuggestionStart><SuggestionEnd>2017-10-16 08:36:31</SuggestionEnd><EarliestStart>2017-10-16 08:36:31</EarliestStart><LatestEnd>2017-10-16 21:55:00</LatestEnd></Timing></Item></Item><Item RefId="11291" Id="33801" Title="Course_50_Sessions" Type="crs" Page="" StartPage="" Style="0"><Timing Type="1" Visible="0" Changeable="0"></Timing><Item RefId="11292" Id="33805" Title="" Type="sess" Page="" StartPage="" Style="0"><Timing Type="1" Visible="0" Changeable="0"><Start>2017-10-12 14:43:14</Start><End>2017-10-12 14:43:14</End><SuggestionStart>2017-10-12 14:43:14</SuggestionStart><SuggestionEnd>2017-10-12 14:43:14</SuggestionEnd><EarliestStart>2017-10-12 14:43:14</EarliestStart><LatestEnd>2017-10-12 21:55:00</LatestEnd></Timing></Item><Item RefId="11293" Id="33807" Title="" Type="sess" Page="" StartPage="" Style="0"><Timing Type="1" Visible="0" Changeable="0"><Start>2017-10-12 14:43:14</Start><End>2017-10-12 14:43:14</End><SuggestionStart>2017-10-12 14:43:14</SuggestionStart><SuggestionEnd>2017-10-12 14:43:14</SuggestionEnd><EarliestStart>2017-10-12 14:43:14</EarliestStart><LatestEnd>2017-10-12 21:55:00</LatestEnd></Timing></Item><Item RefId="11294" Id="33809" Title="" Type="sess" Page="" StartPage="" Style="0"><Timing Type="1" Visible="0" Changeable="0"><Start>2017-10-12 14:43:14</Start><End>2017-10-12 14:43:14</End><SuggestionStart>2017-10-12 14:43:14</SuggestionStart><SuggestionEnd>2017-10-12 14:43:14</SuggestionEnd><EarliestStart>2017-10-12 14:43:14</EarliestStart><LatestEnd>2017-10-12 21:55:00</LatestEnd></Timing></Item><Item RefId="11295" Id="33811" Title="" Type="sess" Page="" StartPage="" Style="0"><Timing Type="1" Visible="0" Changeable="0"><Start>2017-10-12 14:43:14</Start><End>2017-10-12 14:43:14</End><SuggestionStart>2017-10-12 14:43:14</SuggestionStart><SuggestionEnd>2017-10-12 14:43:14</SuggestionEnd><EarliestStart>2017-10-12 14:43:14</EarliestStart><LatestEnd>2017-10-12 21:55:00</LatestEnd></Timing></Item><Item RefId="11296" Id="33813" Title="" Type="sess" Page="" StartPage="" Style="0"><Timing Type="1" Visible="0" Changeable="0"><Start>2017-10-12 14:43:14</Start><End>2017-10-12 14:43:14</End><SuggestionStart>2017-10-12 14:43:14</SuggestionStart><SuggestionEnd>2017-10-12 14:43:14</SuggestionEnd><EarliestStart>2017-10-12 14:43:14</EarliestStart><LatestEnd>2017-10-12 21:55:00</LatestEnd></Timing></Item><Item RefId="11297" Id="33815" Title="" Type="sess" Page="" StartPage="" Style="0"><Timing Type="1" Visible="0" Changeable="0"><Start>2017-10-12 14:43:14</Start><End>2017-10-12 14:43:14</End><SuggestionStart>2017-10-12 14:43:14</SuggestionStart><SuggestionEnd>2017-10-12 14:43:14</SuggestionEnd><EarliestStart>2017-10-12 14:43:14</EarliestStart><LatestEnd>2017-10-12 21:55:00</LatestEnd></Timing></Item><Item RefId="11298" Id="33817" Title="" Type="sess" Page="" StartPage="" Style="0"><Timing Type="1" Visible="0" Changeable="0"><Start>2017-10-12 14:43:14</Start><End>2017-10-12 14:43:14</End><SuggestionStart>2017-10-12 14:43:14</SuggestionStart><SuggestionEnd>2017-10-12 14:43:14</SuggestionEnd><EarliestStart>2017-10-12 14:43:14</EarliestStart><LatestEnd>2017-10-12 21:55:00</LatestEnd></Timing></Item><Item RefId="11299" Id="33819" Title="" Type="sess" Page="" StartPage="" Style="0"><Timing Type="1" Visible="0" Changeable="0"><Start>2017-10-12 14:43:14</Start><End>2017-10-12 14:43:14</End><SuggestionStart>2017-10-12 14:43:14</SuggestionStart><SuggestionEnd>2017-10-12 14:43:14</SuggestionEnd><EarliestStart>2017-10-12 14:43:14</EarliestStart><LatestEnd>2017-10-12 21:55:00</LatestEnd></Timing></Item><Item RefId="11300" Id="33821" Title="" Type="sess" Page="" StartPage="" Style="0"><Timing Type="1" Visible="0" Changeable="0"><Start>2017-10-12 14:43:14</Start><End>2017-10-12 14:43:14</End><SuggestionStart>2017-10-12 14:43:14</SuggestionStart><SuggestionEnd>2017-10-12 14:43:14</SuggestionEnd><EarliestStart>2017-10-12 14:43:14</EarliestStart><LatestEnd>2017-10-12 21:55:00</LatestEnd></Timing></Item><Item RefId="11301" Id="33823" Title="" Type="sess" Page="" StartPage="" Style="0"><Timing Type="1" Visible="0" Changeable="0"><Start>2017-10-12 14:43:14</Start><End>2017-10-12 14:43:14</End><SuggestionStart>2017-10-12 14:43:14</SuggestionStart><SuggestionEnd>2017-10-12 14:43:14</SuggestionEnd><EarliestStart>2017-10-12 14:43:14</EarliestStart><LatestEnd>2017-10-12 21:55:00</LatestEnd></Timing></Item><Item RefId="11302" Id="33825" Title="" Type="sess" Page="" StartPage="" Style="0"><Timing Type="1" Visible="0" Changeable="0"><Start>2017-10-12 14:43:14</Start><End>2017-10-12 14:43:14</End><SuggestionStart>2017-10-12 14:43:14</SuggestionStart><SuggestionEnd>2017-10-12 14:43:14</SuggestionEnd><EarliestStart>2017-10-12 14:43:14</EarliestStart><LatestEnd>2017-10-12 21:55:00</LatestEnd></Timing></Item><Item RefId="11303" Id="33827" Title="" Type="sess" Page="" StartPage="" Style="0"><Timing Type="1" Visible="0" Changeable="0"><Start>2017-10-12 14:43:14</Start><End>2017-10-12 14:43:14</End><SuggestionStart>2017-10-12 14:43:14</SuggestionStart><SuggestionEnd>2017-10-12 14:43:14</SuggestionEnd><EarliestStart>2017-10-12 14:43:14</EarliestStart><LatestEnd>2017-10-12 21:55:00</LatestEnd></Timing></Item><Item RefId="11304" Id="33829" Title="" Type="sess" Page="" StartPage="" Style="0"><Timing Type="1" Visible="0" Changeable="0"><Start>2017-10-12 14:43:14</Start><End>2017-10-12 14:43:14</End><SuggestionStart>2017-10-12 14:43:14</SuggestionStart><SuggestionEnd>2017-10-12 14:43:14</SuggestionEnd><EarliestStart>2017-10-12 14:43:14</EarliestStart><LatestEnd>2017-10-12 21:55:00</LatestEnd></Timing></Item><Item RefId="11305" Id="33831" Title="" Type="sess" Page="" StartPage="" Style="0"><Timing Type="1" Visible="0" Changeable="0"><Start>2017-10-12 14:43:14</Start><End>2017-10-12 14:43:14</End><SuggestionStart>2017-10-12 14:43:14</SuggestionStart><SuggestionEnd>2017-10-12 14:43:14</SuggestionEnd><EarliestStart>2017-10-12 14:43:14</EarliestStart><LatestEnd>2017-10-12 21:55:00</LatestEnd></Timing></Item><Item RefId="11306" Id="33833" Title="" Type="sess" Page="" StartPage="" Style="0"><Timing Type="1" Visible="0" Changeable="0"><Start>2017-10-12 14:43:14</Start><End>2017-10-12 14:43:14</End><SuggestionStart>2017-10-12 14:43:14</SuggestionStart><SuggestionEnd>2017-10-12 14:43:14</SuggestionEnd><EarliestStart>2017-10-12 14:43:14</EarliestStart><LatestEnd>2017-10-12 21:55:00</LatestEnd></Timing></Item><Item RefId="11307" Id="33835" Title="" Type="sess" Page="" StartPage="" Style="0"><Timing Type="1" Visible="0" Changeable="0"><Start>2017-10-12 14:43:14</Start><End>2017-10-12 14:43:14</End><SuggestionStart>2017-10-12 14:43:14</SuggestionStart><SuggestionEnd>2017-10-12 14:43:14</SuggestionEnd><EarliestStart>2017-10-12 14:43:14</EarliestStart><LatestEnd>2017-10-12 21:55:00</LatestEnd></Timing></Item><Item RefId="11308" Id="33837" Title="" Type="sess" Page="" StartPage="" Style="0"><Timing Type="1" Visible="0" Changeable="0"><Start>2017-10-12 14:43:14</Start><End>2017-10-12 14:43:14</End><SuggestionStart>2017-10-12 14:43:14</SuggestionStart><SuggestionEnd>2017-10-12 14:43:14</SuggestionEnd><EarliestStart>2017-10-12 14:43:14</EarliestStart><LatestEnd>2017-10-12 21:55:00</LatestEnd></Timing></Item><Item RefId="11309" Id="33839" Title="" Type="sess" Page="" StartPage="" Style="0"><Timing Type="1" Visible="0" Changeable="0"><Start>2017-10-12 14:43:14</Start><End>2017-10-12 14:43:14</End><SuggestionStart>2017-10-12 14:43:14</SuggestionStart><SuggestionEnd>2017-10-12 14:43:14</SuggestionEnd><EarliestStart>2017-10-12 14:43:14</EarliestStart><LatestEnd>2017-10-12 21:55:00</LatestEnd></Timing></Item><Item RefId="11310" Id="33841" Title="" Type="sess" Page="" StartPage="" Style="0"><Timing Type="1" Visible="0" Changeable="0"><Start>2017-10-12 14:43:14</Start><End>2017-10-12 14:43:14</End><SuggestionStart>2017-10-12 14:43:14</SuggestionStart><SuggestionEnd>2017-10-12 14:43:14</SuggestionEnd><EarliestStart>2017-10-12 14:43:14</EarliestStart><LatestEnd>2017-10-12 21:55:00</LatestEnd></Timing></Item><Item RefId="11311" Id="33843" Title="" Type="sess" Page="" StartPage="" Style="0"><Timing Type="1" Visible="0" Changeable="0"><Start>2017-10-12 14:43:14</Start><End>2017-10-12 14:43:14</End><SuggestionStart>2017-10-12 14:43:14</SuggestionStart><SuggestionEnd>2017-10-12 14:43:14</SuggestionEnd><EarliestStart>2017-10-12 14:43:14</EarliestStart><LatestEnd>2017-10-12 21:55:00</LatestEnd></Timing></Item><Item RefId="11312" Id="33845" Title="" Type="sess" Page="" StartPage="" Style="0"><Timing Type="1" Visible="0" Changeable="0"><Start>2017-10-12 14:43:14</Start><End>2017-10-12 14:43:14</End><SuggestionStart>2017-10-12 14:43:14</SuggestionStart><SuggestionEnd>2017-10-12 14:43:14</SuggestionEnd><EarliestStart>2017-10-12 14:43:14</EarliestStart><LatestEnd>2017-10-12 21:55:00</LatestEnd></Timing></Item><Item RefId="11313" Id="33847" Title="" Type="sess" Page="" StartPage="" Style="0"><Timing Type="1" Visible="0" Changeable="0"><Start>2017-10-12 14:43:14</Start><End>2017-10-12 14:43:14</End><SuggestionStart>2017-10-12 14:43:14</SuggestionStart><SuggestionEnd>2017-10-12 14:43:14</SuggestionEnd><EarliestStart>2017-10-12 14:43:14</EarliestStart><LatestEnd>2017-10-12 21:55:00</LatestEnd></Timing></Item><Item RefId="11314" Id="33849" Title="" Type="sess" Page="" StartPage="" Style="0"><Timing Type="1" Visible="0" Changeable="0"><Start>2017-10-12 14:43:14</Start><End>2017-10-12 14:43:14</End><SuggestionStart>2017-10-12 14:43:14</SuggestionStart><SuggestionEnd>2017-10-12 14:43:14</SuggestionEnd><EarliestStart>2017-10-12 14:43:14</EarliestStart><LatestEnd>2017-10-12 21:55:00</LatestEnd></Timing></Item><Item RefId="11315" Id="33851" Title="" Type="sess" Page="" StartPage="" Style="0"><Timing Type="1" Visible="0" Changeable="0"><Start>2017-10-12 14:43:14</Start><End>2017-10-12 14:43:14</End><SuggestionStart>2017-10-12 14:43:14</SuggestionStart><SuggestionEnd>2017-10-12 14:43:14</SuggestionEnd><EarliestStart>2017-10-12 14:43:14</EarliestStart><LatestEnd>2017-10-12 21:55:00</LatestEnd></Timing></Item><Item RefId="11316" Id="33853" Title="" Type="sess" Page="" StartPage="" Style="0"><Timing Type="1" Visible="0" Changeable="0"><Start>2017-10-12 14:43:14</Start><End>2017-10-12 14:43:14</End><SuggestionStart>2017-10-12 14:43:14</SuggestionStart><SuggestionEnd>2017-10-12 14:43:14</SuggestionEnd><EarliestStart>2017-10-12 14:43:14</EarliestStart><LatestEnd>2017-10-12 21:55:00</LatestEnd></Timing></Item><Item RefId="11317" Id="33855" Title="" Type="sess" Page="" StartPage="" Style="0"><Timing Type="1" Visible="0" Changeable="0"><Start>2017-10-12 14:43:14</Start><End>2017-10-12 14:43:14</End><SuggestionStart>2017-10-12 14:43:14</SuggestionStart><SuggestionEnd>2017-10-12 14:43:14</SuggestionEnd><EarliestStart>2017-10-12 14:43:14</EarliestStart><LatestEnd>2017-10-12 21:55:00</LatestEnd></Timing></Item><Item RefId="11318" Id="33857" Title="" Type="sess" Page="" StartPage="" Style="0"><Timing Type="1" Visible="0" Changeable="0"><Start>2017-10-12 14:43:14</Start><End>2017-10-12 14:43:14</End><SuggestionStart>2017-10-12 14:43:14</SuggestionStart><SuggestionEnd>2017-10-12 14:43:14</SuggestionEnd><EarliestStart>2017-10-12 14:43:14</EarliestStart><LatestEnd>2017-10-12 21:55:00</LatestEnd></Timing></Item><Item RefId="11319" Id="33859" Title="" Type="sess" Page="" StartPage="" Style="0"><Timing Type="1" Visible="0" Changeable="0"><Start>2017-10-12 14:43:14</Start><End>2017-10-12 14:43:14</End><SuggestionStart>2017-10-12 14:43:14</SuggestionStart><SuggestionEnd>2017-10-12 14:43:14</SuggestionEnd><EarliestStart>2017-10-12 14:43:14</EarliestStart><LatestEnd>2017-10-12 21:55:00</LatestEnd></Timing></Item><Item RefId="11320" Id="33861" Title="" Type="sess" Page="" StartPage="" Style="0"><Timing Type="1" Visible="0" Changeable="0"><Start>2017-10-12 14:43:14</Start><End>2017-10-12 14:43:14</End><SuggestionStart>2017-10-12 14:43:14</SuggestionStart><SuggestionEnd>2017-10-12 14:43:14</SuggestionEnd><EarliestStart>2017-10-12 14:43:14</EarliestStart><LatestEnd>2017-10-12 21:55:00</LatestEnd></Timing></Item><Item RefId="11321" Id="33863" Title="" Type="sess" Page="" StartPage="" Style="0"><Timing Type="1" Visible="0" Changeable="0"><Start>2017-10-12 14:43:14</Start><End>2017-10-12 14:43:14</End><SuggestionStart>2017-10-12 14:43:14</SuggestionStart><SuggestionEnd>2017-10-12 14:43:14</SuggestionEnd><EarliestStart>2017-10-12 14:43:14</EarliestStart><LatestEnd>2017-10-12 21:55:00</LatestEnd></Timing></Item><Item RefId="11322" Id="33865" Title="" Type="sess" Page="" StartPage="" Style="0"><Timing Type="1" Visible="0" Changeable="0"><Start>2017-10-12 14:43:14</Start><End>2017-10-12 14:43:14</End><SuggestionStart>2017-10-12 14:43:14</SuggestionStart><SuggestionEnd>2017-10-12 14:43:14</SuggestionEnd><EarliestStart>2017-10-12 14:43:14</EarliestStart><LatestEnd>2017-10-12 21:55:00</LatestEnd></Timing></Item><Item RefId="11323" Id="33867" Title="" Type="sess" Page="" StartPage="" Style="0"><Timing Type="1" Visible="0" Changeable="0"><Start>2017-10-12 14:43:14</Start><End>2017-10-12 14:43:14</End><SuggestionStart>2017-10-12 14:43:14</SuggestionStart><SuggestionEnd>2017-10-12 14:43:14</SuggestionEnd><EarliestStart>2017-10-12 14:43:14</EarliestStart><LatestEnd>2017-10-12 21:55:00</LatestEnd></Timing></Item><Item RefId="11324" Id="33869" Title="" Type="sess" Page="" StartPage="" Style="0"><Timing Type="1" Visible="0" Changeable="0"><Start>2017-10-12 14:43:14</Start><End>2017-10-12 14:43:14</End><SuggestionStart>2017-10-12 14:43:14</SuggestionStart><SuggestionEnd>2017-10-12 14:43:14</SuggestionEnd><EarliestStart>2017-10-12 14:43:14</EarliestStart><LatestEnd>2017-10-12 21:55:00</LatestEnd></Timing></Item><Item RefId="11325" Id="33871" Title="" Type="sess" Page="" StartPage="" Style="0"><Timing Type="1" Visible="0" Changeable="0"><Start>2017-10-12 14:43:14</Start><End>2017-10-12 14:43:14</End><SuggestionStart>2017-10-12 14:43:14</SuggestionStart><SuggestionEnd>2017-10-12 14:43:14</SuggestionEnd><EarliestStart>2017-10-12 14:43:14</EarliestStart><LatestEnd>2017-10-12 21:55:00</LatestEnd></Timing></Item><Item RefId="11326" Id="33873" Title="" Type="sess" Page="" StartPage="" Style="0"><Timing Type="1" Visible="0" Changeable="0"><Start>2017-10-12 14:43:14</Start><End>2017-10-12 14:43:14</End><SuggestionStart>2017-10-12 14:43:14</SuggestionStart><SuggestionEnd>2017-10-12 14:43:14</SuggestionEnd><EarliestStart>2017-10-12 14:43:14</EarliestStart><LatestEnd>2017-10-12 21:55:00</LatestEnd></Timing></Item><Item RefId="11327" Id="33875" Title="" Type="sess" Page="" StartPage="" Style="0"><Timing Type="1" Visible="0" Changeable="0"><Start>2017-10-12 14:43:14</Start><End>2017-10-12 14:43:14</End><SuggestionStart>2017-10-12 14:43:14</SuggestionStart><SuggestionEnd>2017-10-12 14:43:14</SuggestionEnd><EarliestStart>2017-10-12 14:43:14</EarliestStart><LatestEnd>2017-10-12 21:55:00</LatestEnd></Timing></Item><Item RefId="11328" Id="33877" Title="" Type="sess" Page="" StartPage="" Style="0"><Timing Type="1" Visible="0" Changeable="0"><Start>2017-10-12 14:43:14</Start><End>2017-10-12 14:43:14</End><SuggestionStart>2017-10-12 14:43:14</SuggestionStart><SuggestionEnd>2017-10-12 14:43:14</SuggestionEnd><EarliestStart>2017-10-12 14:43:14</EarliestStart><LatestEnd>2017-10-12 21:55:00</LatestEnd></Timing></Item><Item RefId="11329" Id="33879" Title="" Type="sess" Page="" StartPage="" Style="0"><Timing Type="1" Visible="0" Changeable="0"><Start>2017-10-12 14:43:14</Start><End>2017-10-12 14:43:14</End><SuggestionStart>2017-10-12 14:43:14</SuggestionStart><SuggestionEnd>2017-10-12 14:43:14</SuggestionEnd><EarliestStart>2017-10-12 14:43:14</EarliestStart><LatestEnd>2017-10-12 21:55:00</LatestEnd></Timing></Item><Item RefId="11330" Id="33881" Title="" Type="sess" Page="" StartPage="" Style="0"><Timing Type="1" Visible="0" Changeable="0"><Start>2017-10-12 14:43:14</Start><End>2017-10-12 14:43:14</End><SuggestionStart>2017-10-12 14:43:14</SuggestionStart><SuggestionEnd>2017-10-12 14:43:14</SuggestionEnd><EarliestStart>2017-10-12 14:43:14</EarliestStart><LatestEnd>2017-10-12 21:55:00</LatestEnd></Timing></Item><Item RefId="11331" Id="33883" Title="" Type="sess" Page="" StartPage="" Style="0"><Timing Type="1" Visible="0" Changeable="0"><Start>2017-10-12 14:43:14</Start><End>2017-10-12 14:43:14</End><SuggestionStart>2017-10-12 14:43:14</SuggestionStart><SuggestionEnd>2017-10-12 14:43:14</SuggestionEnd><EarliestStart>2017-10-12 14:43:14</EarliestStart><LatestEnd>2017-10-12 21:55:00</LatestEnd></Timing></Item><Item RefId="11332" Id="33885" Title="" Type="sess" Page="" StartPage="" Style="0"><Timing Type="1" Visible="0" Changeable="0"><Start>2017-10-12 14:43:14</Start><End>2017-10-12 14:43:14</End><SuggestionStart>2017-10-12 14:43:14</SuggestionStart><SuggestionEnd>2017-10-12 14:43:14</SuggestionEnd><EarliestStart>2017-10-12 14:43:14</EarliestStart><LatestEnd>2017-10-12 21:55:00</LatestEnd></Timing></Item><Item RefId="11333" Id="33887" Title="" Type="sess" Page="" StartPage="" Style="0"><Timing Type="1" Visible="0" Changeable="0"><Start>2017-10-12 14:43:14</Start><End>2017-10-12 14:43:14</End><SuggestionStart>2017-10-12 14:43:14</SuggestionStart><SuggestionEnd>2017-10-12 14:43:14</SuggestionEnd><EarliestStart>2017-10-12 14:43:14</EarliestStart><LatestEnd>2017-10-12 21:55:00</LatestEnd></Timing></Item><Item RefId="11334" Id="33889" Title="" Type="sess" Page="" StartPage="" Style="0"><Timing Type="1" Visible="0" Changeable="0"><Start>2017-10-12 14:43:14</Start><End>2017-10-12 14:43:14</End><SuggestionStart>2017-10-12 14:43:14</SuggestionStart><SuggestionEnd>2017-10-12 14:43:14</SuggestionEnd><EarliestStart>2017-10-12 14:43:14</EarliestStart><LatestEnd>2017-10-12 21:55:00</LatestEnd></Timing></Item><Item RefId="11335" Id="33891" Title="" Type="sess" Page="" StartPage="" Style="0"><Timing Type="1" Visible="0" Changeable="0"><Start>2017-10-12 14:43:14</Start><End>2017-10-12 14:43:14</End><SuggestionStart>2017-10-12 14:43:14</SuggestionStart><SuggestionEnd>2017-10-12 14:43:14</SuggestionEnd><EarliestStart>2017-10-12 14:43:14</EarliestStart><LatestEnd>2017-10-12 21:55:00</LatestEnd></Timing></Item><Item RefId="11336" Id="33893" Title="" Type="sess" Page="" StartPage="" Style="0"><Timing Type="1" Visible="0" Changeable="0"><Start>2017-10-12 14:43:14</Start><End>2017-10-12 14:43:14</End><SuggestionStart>2017-10-12 14:43:14</SuggestionStart><SuggestionEnd>2017-10-12 14:43:14</SuggestionEnd><EarliestStart>2017-10-12 14:43:14</EarliestStart><LatestEnd>2017-10-12 21:55:00</LatestEnd></Timing></Item><Item RefId="11337" Id="33895" Title="" Type="sess" Page="" StartPage="" Style="0"><Timing Type="1" Visible="0" Changeable="0"><Start>2017-10-12 14:43:14</Start><End>2017-10-12 14:43:14</End><SuggestionStart>2017-10-12 14:43:14</SuggestionStart><SuggestionEnd>2017-10-12 14:43:14</SuggestionEnd><EarliestStart>2017-10-12 14:43:14</EarliestStart><LatestEnd>2017-10-12 21:55:00</LatestEnd></Timing></Item><Item RefId="11338" Id="33897" Title="" Type="sess" Page="" StartPage="" Style="0"><Timing Type="1" Visible="0" Changeable="0"><Start>2017-10-12 14:43:14</Start><End>2017-10-12 14:43:14</End><SuggestionStart>2017-10-12 14:43:14</SuggestionStart><SuggestionEnd>2017-10-12 14:43:14</SuggestionEnd><EarliestStart>2017-10-12 14:43:14</EarliestStart><LatestEnd>2017-10-12 21:55:00</LatestEnd></Timing></Item><Item RefId="11339" Id="33899" Title="" Type="sess" Page="" StartPage="" Style="0"><Timing Type="1" Visible="0" Changeable="0"><Start>2017-10-12 14:43:14</Start><End>2017-10-12 14:43:14</End><SuggestionStart>2017-10-12 14:43:14</SuggestionStart><SuggestionEnd>2017-10-12 14:43:14</SuggestionEnd><EarliestStart>2017-10-12 14:43:14</EarliestStart><LatestEnd>2017-10-12 21:55:00</LatestEnd></Timing></Item><Item RefId="11340" Id="33901" Title="" Type="sess" Page="" StartPage="" Style="0"><Timing Type="1" Visible="0" Changeable="0"><Start>2017-10-12 14:43:14</Start><End>2017-10-12 14:43:14</End><SuggestionStart>2017-10-12 14:43:14</SuggestionStart><SuggestionEnd>2017-10-12 14:43:14</SuggestionEnd><EarliestStart>2017-10-12 14:43:14</EarliestStart><LatestEnd>2017-10-12 21:55:00</LatestEnd></Timing></Item><Item RefId="11341" Id="33903" Title="" Type="sess" Page="" StartPage="" Style="0"><Timing Type="1" Visible="0" Changeable="0"><Start>2017-10-12 14:43:14</Start><End>2017-10-12 14:43:14</End><SuggestionStart>2017-10-12 14:43:14</SuggestionStart><SuggestionEnd>2017-10-12 14:43:14</SuggestionEnd><EarliestStart>2017-10-12 14:43:14</EarliestStart><LatestEnd>2017-10-12 21:55:00</LatestEnd></Timing></Item></Item><Item RefId="11229" Id="33675" Title="Course_99_Sessions" Type="crs" Page="" StartPage="" Style="0"><Timing Type="1" Visible="0" Changeable="0"></Timing><Item RefId="11474" Id="34169" Title="" Type="sess" Page="" StartPage="" Style="0"><Timing Type="1" Visible="0" Changeable="0"><Start>2017-10-16 07:31:38</Start><End>2017-10-16 07:31:38</End><SuggestionStart>2017-10-16 07:31:38</SuggestionStart><SuggestionEnd>2017-10-16 07:31:38</SuggestionEnd><EarliestStart>2017-10-16 07:31:38</EarliestStart><LatestEnd>2017-10-16 21:55:00</LatestEnd></Timing></Item><Item RefId="11475" Id="34171" Title="" Type="sess" Page="" StartPage="" Style="0"><Timing Type="1" Visible="0" Changeable="0"><Start>2017-10-16 07:31:38</Start><End>2017-10-16 07:31:38</End><SuggestionStart>2017-10-16 07:31:38</SuggestionStart><SuggestionEnd>2017-10-16 07:31:38</SuggestionEnd><EarliestStart>2017-10-16 07:31:38</EarliestStart><LatestEnd>2017-10-16 21:55:00</LatestEnd></Timing></Item><Item RefId="11476" Id="34173" Title="" Type="sess" Page="" StartPage="" Style="0"><Timing Type="1" Visible="0" Changeable="0"><Start>2017-10-16 07:31:38</Start><End>2017-10-16 07:31:38</End><SuggestionStart>2017-10-16 07:31:38</SuggestionStart><SuggestionEnd>2017-10-16 07:31:38</SuggestionEnd><EarliestStart>2017-10-16 07:31:38</EarliestStart><LatestEnd>2017-10-16 21:55:00</LatestEnd></Timing></Item><Item RefId="11477" Id="34175" Title="" Type="sess" Page="" StartPage="" Style="0"><Timing Type="1" Visible="0" Changeable="0"><Start>2017-10-16 07:31:38</Start><End>2017-10-16 07:31:38</End><SuggestionStart>2017-10-16 07:31:38</SuggestionStart><SuggestionEnd>2017-10-16 07:31:38</SuggestionEnd><EarliestStart>2017-10-16 07:31:38</EarliestStart><LatestEnd>2017-10-16 21:55:00</LatestEnd></Timing></Item><Item RefId="11478" Id="34177" Title="" Type="sess" Page="" StartPage="" Style="0"><Timing Type="1" Visible="0" Changeable="0"><Start>2017-10-16 07:31:38</Start><End>2017-10-16 07:31:38</End><SuggestionStart>2017-10-16 07:31:38</SuggestionStart><SuggestionEnd>2017-10-16 07:31:38</SuggestionEnd><EarliestStart>2017-10-16 07:31:38</EarliestStart><LatestEnd>2017-10-16 21:55:00</LatestEnd></Timing></Item><Item RefId="11479" Id="34179" Title="" Type="sess" Page="" StartPage="" Style="0"><Timing Type="1" Visible="0" Changeable="0"><Start>2017-10-16 07:31:38</Start><End>2017-10-16 07:31:38</End><SuggestionStart>2017-10-16 07:31:38</SuggestionStart><SuggestionEnd>2017-10-16 07:31:38</SuggestionEnd><EarliestStart>2017-10-16 07:31:38</EarliestStart><LatestEnd>2017-10-16 21:55:00</LatestEnd></Timing></Item><Item RefId="11480" Id="34181" Title="" Type="sess" Page="" StartPage="" Style="0"><Timing Type="1" Visible="0" Changeable="0"><Start>2017-10-16 07:31:38</Start><End>2017-10-16 07:31:38</End><SuggestionStart>2017-10-16 07:31:38</SuggestionStart><SuggestionEnd>2017-10-16 07:31:38</SuggestionEnd><EarliestStart>2017-10-16 07:31:38</EarliestStart><LatestEnd>2017-10-16 21:55:00</LatestEnd></Timing></Item><Item RefId="11481" Id="34183" Title="" Type="sess" Page="" StartPage="" Style="0"><Timing Type="1" Visible="0" Changeable="0"><Start>2017-10-16 07:31:38</Start><End>2017-10-16 07:31:38</End><SuggestionStart>2017-10-16 07:31:38</SuggestionStart><SuggestionEnd>2017-10-16 07:31:38</SuggestionEnd><EarliestStart>2017-10-16 07:31:38</EarliestStart><LatestEnd>2017-10-16 21:55:00</LatestEnd></Timing></Item><Item RefId="11482" Id="34185" Title="" Type="sess" Page="" StartPage="" Style="0"><Timing Type="1" Visible="0" Changeable="0"><Start>2017-10-16 07:31:38</Start><End>2017-10-16 07:31:38</End><SuggestionStart>2017-10-16 07:31:38</SuggestionStart><SuggestionEnd>2017-10-16 07:31:38</SuggestionEnd><EarliestStart>2017-10-16 07:31:38</EarliestStart><LatestEnd>2017-10-16 21:55:00</LatestEnd></Timing></Item><Item RefId="11483" Id="34187" Title="" Type="sess" Page="" StartPage="" Style="0"><Timing Type="1" Visible="0" Changeable="0"><Start>2017-10-16 07:31:38</Start><End>2017-10-16 07:31:38</End><SuggestionStart>2017-10-16 07:31:38</SuggestionStart><SuggestionEnd>2017-10-16 07:31:38</SuggestionEnd><EarliestStart>2017-10-16 07:31:38</EarliestStart><LatestEnd>2017-10-16 21:55:00</LatestEnd></Timing></Item><Item RefId="11484" Id="34189" Title="" Type="sess" Page="" StartPage="" Style="0"><Timing Type="1" Visible="0" Changeable="0"><Start>2017-10-16 07:31:38</Start><End>2017-10-16 07:31:38</End><SuggestionStart>2017-10-16 07:31:38</SuggestionStart><SuggestionEnd>2017-10-16 07:31:38</SuggestionEnd><EarliestStart>2017-10-16 07:31:38</EarliestStart><LatestEnd>2017-10-16 21:55:00</LatestEnd></Timing></Item><Item RefId="11485" Id="34191" Title="" Type="sess" Page="" StartPage="" Style="0"><Timing Type="1" Visible="0" Changeable="0"><Start>2017-10-16 07:31:38</Start><End>2017-10-16 07:31:38</End><SuggestionStart>2017-10-16 07:31:38</SuggestionStart><SuggestionEnd>2017-10-16 07:31:38</SuggestionEnd><EarliestStart>2017-10-16 07:31:38</EarliestStart><LatestEnd>2017-10-16 21:55:00</LatestEnd></Timing></Item><Item RefId="11486" Id="34193" Title="" Type="sess" Page="" StartPage="" Style="0"><Timing Type="1" Visible="0" Changeable="0"><Start>2017-10-16 07:31:38</Start><End>2017-10-16 07:31:38</End><SuggestionStart>2017-10-16 07:31:38</SuggestionStart><SuggestionEnd>2017-10-16 07:31:38</SuggestionEnd><EarliestStart>2017-10-16 07:31:38</EarliestStart><LatestEnd>2017-10-16 21:55:00</LatestEnd></Timing></Item><Item RefId="11487" Id="34195" Title="" Type="sess" Page="" StartPage="" Style="0"><Timing Type="1" Visible="0" Changeable="0"><Start>2017-10-16 07:31:38</Start><End>2017-10-16 07:31:38</End><SuggestionStart>2017-10-16 07:31:38</SuggestionStart><SuggestionEnd>2017-10-16 07:31:38</SuggestionEnd><EarliestStart>2017-10-16 07:31:38</EarliestStart><LatestEnd>2017-10-16 21:55:00</LatestEnd></Timing></Item><Item RefId="11488" Id="34197" Title="" Type="sess" Page="" StartPage="" Style="0"><Timing Type="1" Visible="0" Changeable="0"><Start>2017-10-16 07:31:38</Start><End>2017-10-16 07:31:38</End><SuggestionStart>2017-10-16 07:31:38</SuggestionStart><SuggestionEnd>2017-10-16 07:31:38</SuggestionEnd><EarliestStart>2017-10-16 07:31:38</EarliestStart><LatestEnd>2017-10-16 21:55:00</LatestEnd></Timing></Item><Item RefId="11489" Id="34199" Title="" Type="sess" Page="" StartPage="" Style="0"><Timing Type="1" Visible="0" Changeable="0"><Start>2017-10-16 07:31:38</Start><End>2017-10-16 07:31:38</End><SuggestionStart>2017-10-16 07:31:38</SuggestionStart><SuggestionEnd>2017-10-16 07:31:38</SuggestionEnd><EarliestStart>2017-10-16 07:31:38</EarliestStart><LatestEnd>2017-10-16 21:55:00</LatestEnd></Timing></Item><Item RefId="11490" Id="34201" Title="" Type="sess" Page="" StartPage="" Style="0"><Timing Type="1" Visible="0" Changeable="0"><Start>2017-10-16 07:31:38</Start><End>2017-10-16 07:31:38</End><SuggestionStart>2017-10-16 07:31:38</SuggestionStart><SuggestionEnd>2017-10-16 07:31:38</SuggestionEnd><EarliestStart>2017-10-16 07:31:38</EarliestStart><LatestEnd>2017-10-16 21:55:00</LatestEnd></Timing></Item><Item RefId="11491" Id="34203" Title="" Type="sess" Page="" StartPage="" Style="0"><Timing Type="1" Visible="0" Changeable="0"><Start>2017-10-16 07:31:38</Start><End>2017-10-16 07:31:38</End><SuggestionStart>2017-10-16 07:31:38</SuggestionStart><SuggestionEnd>2017-10-16 07:31:38</SuggestionEnd><EarliestStart>2017-10-16 07:31:38</EarliestStart><LatestEnd>2017-10-16 21:55:00</LatestEnd></Timing></Item><Item RefId="11492" Id="34205" Title="" Type="sess" Page="" StartPage="" Style="0"><Timing Type="1" Visible="0" Changeable="0"><Start>2017-10-16 07:31:38</Start><End>2017-10-16 07:31:38</End><SuggestionStart>2017-10-16 07:31:38</SuggestionStart><SuggestionEnd>2017-10-16 07:31:38</SuggestionEnd><EarliestStart>2017-10-16 07:31:38</EarliestStart><LatestEnd>2017-10-16 21:55:00</LatestEnd></Timing></Item><Item RefId="11493" Id="34207" Title="" Type="sess" Page="" StartPage="" Style="0"><Timing Type="1" Visible="0" Changeable="0"><Start>2017-10-16 07:31:38</Start><End>2017-10-16 07:31:38</End><SuggestionStart>2017-10-16 07:31:38</SuggestionStart><SuggestionEnd>2017-10-16 07:31:38</SuggestionEnd><EarliestStart>2017-10-16 07:31:38</EarliestStart><LatestEnd>2017-10-16 21:55:00</LatestEnd></Timing></Item><Item RefId="11494" Id="34209" Title="" Type="sess" Page="" StartPage="" Style="0"><Timing Type="1" Visible="0" Changeable="0"><Start>2017-10-16 07:31:38</Start><End>2017-10-16 07:31:38</End><SuggestionStart>2017-10-16 07:31:38</SuggestionStart><SuggestionEnd>2017-10-16 07:31:38</SuggestionEnd><EarliestStart>2017-10-16 07:31:38</EarliestStart><LatestEnd>2017-10-16 21:55:00</LatestEnd></Timing></Item><Item RefId="11495" Id="34211" Title="" Type="sess" Page="" StartPage="" Style="0"><Timing Type="1" Visible="0" Changeable="0"><Start>2017-10-16 07:31:38</Start><End>2017-10-16 07:31:38</End><SuggestionStart>2017-10-16 07:31:38</SuggestionStart><SuggestionEnd>2017-10-16 07:31:38</SuggestionEnd><EarliestStart>2017-10-16 07:31:38</EarliestStart><LatestEnd>2017-10-16 21:55:00</LatestEnd></Timing></Item><Item RefId="11496" Id="34213" Title="" Type="sess" Page="" StartPage="" Style="0"><Timing Type="1" Visible="0" Changeable="0"><Start>2017-10-16 07:31:38</Start><End>2017-10-16 07:31:38</End><SuggestionStart>2017-10-16 07:31:38</SuggestionStart><SuggestionEnd>2017-10-16 07:31:38</SuggestionEnd><EarliestStart>2017-10-16 07:31:38</EarliestStart><LatestEnd>2017-10-16 21:55:00</LatestEnd></Timing></Item><Item RefId="11497" Id="34215" Title="" Type="sess" Page="" StartPage="" Style="0"><Timing Type="1" Visible="0" Changeable="0"><Start>2017-10-16 07:31:38</Start><End>2017-10-16 07:31:38</End><SuggestionStart>2017-10-16 07:31:38</SuggestionStart><SuggestionEnd>2017-10-16 07:31:38</SuggestionEnd><EarliestStart>2017-10-16 07:31:38</EarliestStart><LatestEnd>2017-10-16 21:55:00</LatestEnd></Timing></Item><Item RefId="11498" Id="34217" Title="" Type="sess" Page="" StartPage="" Style="0"><Timing Type="1" Visible="0" Changeable="0"><Start>2017-10-16 07:31:38</Start><End>2017-10-16 07:31:38</End><SuggestionStart>2017-10-16 07:31:38</SuggestionStart><SuggestionEnd>2017-10-16 07:31:38</SuggestionEnd><EarliestStart>2017-10-16 07:31:38</EarliestStart><LatestEnd>2017-10-16 21:55:00</LatestEnd></Timing></Item><Item RefId="11499" Id="34219" Title="" Type="sess" Page="" StartPage="" Style="0"><Timing Type="1" Visible="0" Changeable="0"><Start>2017-10-16 07:31:38</Start><End>2017-10-16 07:31:38</End><SuggestionStart>2017-10-16 07:31:38</SuggestionStart><SuggestionEnd>2017-10-16 07:31:38</SuggestionEnd><EarliestStart>2017-10-16 07:31:38</EarliestStart><LatestEnd>2017-10-16 21:55:00</LatestEnd></Timing></Item><Item RefId="11500" Id="34221" Title="" Type="sess" Page="" StartPage="" Style="0"><Timing Type="1" Visible="0" Changeable="0"><Start>2017-10-16 07:31:38</Start><End>2017-10-16 07:31:38</End><SuggestionStart>2017-10-16 07:31:38</SuggestionStart><SuggestionEnd>2017-10-16 07:31:38</SuggestionEnd><EarliestStart>2017-10-16 07:31:38</EarliestStart><LatestEnd>2017-10-16 21:55:00</LatestEnd></Timing></Item><Item RefId="11501" Id="34223" Title="" Type="sess" Page="" StartPage="" Style="0"><Timing Type="1" Visible="0" Changeable="0"><Start>2017-10-16 07:31:38</Start><End>2017-10-16 07:31:38</End><SuggestionStart>2017-10-16 07:31:38</SuggestionStart><SuggestionEnd>2017-10-16 07:31:38</SuggestionEnd><EarliestStart>2017-10-16 07:31:38</EarliestStart><LatestEnd>2017-10-16 21:55:00</LatestEnd></Timing></Item><Item RefId="11502" Id="34225" Title="" Type="sess" Page="" StartPage="" Style="0"><Timing Type="1" Visible="0" Changeable="0"><Start>2017-10-16 07:31:38</Start><End>2017-10-16 07:31:38</End><SuggestionStart>2017-10-16 07:31:38</SuggestionStart><SuggestionEnd>2017-10-16 07:31:38</SuggestionEnd><EarliestStart>2017-10-16 07:31:38</EarliestStart><LatestEnd>2017-10-16 21:55:00</LatestEnd></Timing></Item><Item RefId="11503" Id="34227" Title="" Type="sess" Page="" StartPage="" Style="0"><Timing Type="1" Visible="0" Changeable="0"><Start>2017-10-16 07:31:38</Start><End>2017-10-16 07:31:38</End><SuggestionStart>2017-10-16 07:31:38</SuggestionStart><SuggestionEnd>2017-10-16 07:31:38</SuggestionEnd><EarliestStart>2017-10-16 07:31:38</EarliestStart><LatestEnd>2017-10-16 21:55:00</LatestEnd></Timing></Item><Item RefId="11504" Id="34229" Title="" Type="sess" Page="" StartPage="" Style="0"><Timing Type="1" Visible="0" Changeable="0"><Start>2017-10-16 07:31:38</Start><End>2017-10-16 07:31:38</End><SuggestionStart>2017-10-16 07:31:38</SuggestionStart><SuggestionEnd>2017-10-16 07:31:38</SuggestionEnd><EarliestStart>2017-10-16 07:31:38</EarliestStart><LatestEnd>2017-10-16 21:55:00</LatestEnd></Timing></Item><Item RefId="11505" Id="34231" Title="" Type="sess" Page="" StartPage="" Style="0"><Timing Type="1" Visible="0" Changeable="0"><Start>2017-10-16 07:31:38</Start><End>2017-10-16 07:31:38</End><SuggestionStart>2017-10-16 07:31:38</SuggestionStart><SuggestionEnd>2017-10-16 07:31:38</SuggestionEnd><EarliestStart>2017-10-16 07:31:38</EarliestStart><LatestEnd>2017-10-16 21:55:00</LatestEnd></Timing></Item><Item RefId="11506" Id="34233" Title="" Type="sess" Page="" StartPage="" Style="0"><Timing Type="1" Visible="0" Changeable="0"><Start>2017-10-16 07:31:38</Start><End>2017-10-16 07:31:38</End><SuggestionStart>2017-10-16 07:31:38</SuggestionStart><SuggestionEnd>2017-10-16 07:31:38</SuggestionEnd><EarliestStart>2017-10-16 07:31:38</EarliestStart><LatestEnd>2017-10-16 21:55:00</LatestEnd></Timing></Item><Item RefId="11507" Id="34235" Title="" Type="sess" Page="" StartPage="" Style="0"><Timing Type="1" Visible="0" Changeable="0"><Start>2017-10-16 07:31:38</Start><End>2017-10-16 07:31:38</End><SuggestionStart>2017-10-16 07:31:38</SuggestionStart><SuggestionEnd>2017-10-16 07:31:38</SuggestionEnd><EarliestStart>2017-10-16 07:31:38</EarliestStart><LatestEnd>2017-10-16 21:55:00</LatestEnd></Timing></Item><Item RefId="11508" Id="34237" Title="" Type="sess" Page="" StartPage="" Style="0"><Timing Type="1" Visible="0" Changeable="0"><Start>2017-10-16 07:31:38</Start><End>2017-10-16 07:31:38</End><SuggestionStart>2017-10-16 07:31:38</SuggestionStart><SuggestionEnd>2017-10-16 07:31:38</SuggestionEnd><EarliestStart>2017-10-16 07:31:38</EarliestStart><LatestEnd>2017-10-16 21:55:00</LatestEnd></Timing></Item><Item RefId="11509" Id="34239" Title="" Type="sess" Page="" StartPage="" Style="0"><Timing Type="1" Visible="0" Changeable="0"><Start>2017-10-16 07:31:38</Start><End>2017-10-16 07:31:38</End><SuggestionStart>2017-10-16 07:31:38</SuggestionStart><SuggestionEnd>2017-10-16 07:31:38</SuggestionEnd><EarliestStart>2017-10-16 07:31:38</EarliestStart><LatestEnd>2017-10-16 21:55:00</LatestEnd></Timing></Item><Item RefId="11510" Id="34241" Title="" Type="sess" Page="" StartPage="" Style="0"><Timing Type="1" Visible="0" Changeable="0"><Start>2017-10-16 07:31:38</Start><End>2017-10-16 07:31:38</End><SuggestionStart>2017-10-16 07:31:38</SuggestionStart><SuggestionEnd>2017-10-16 07:31:38</SuggestionEnd><EarliestStart>2017-10-16 07:31:38</EarliestStart><LatestEnd>2017-10-16 21:55:00</LatestEnd></Timing></Item><Item RefId="11511" Id="34243" Title="" Type="sess" Page="" StartPage="" Style="0"><Timing Type="1" Visible="0" Changeable="0"><Start>2017-10-16 07:31:38</Start><End>2017-10-16 07:31:38</End><SuggestionStart>2017-10-16 07:31:38</SuggestionStart><SuggestionEnd>2017-10-16 07:31:38</SuggestionEnd><EarliestStart>2017-10-16 07:31:38</EarliestStart><LatestEnd>2017-10-16 21:55:00</LatestEnd></Timing></Item><Item RefId="11512" Id="34245" Title="" Type="sess" Page="" StartPage="" Style="0"><Timing Type="1" Visible="0" Changeable="0"><Start>2017-10-16 07:31:38</Start><End>2017-10-16 07:31:38</End><SuggestionStart>2017-10-16 07:31:38</SuggestionStart><SuggestionEnd>2017-10-16 07:31:38</SuggestionEnd><EarliestStart>2017-10-16 07:31:38</EarliestStart><LatestEnd>2017-10-16 21:55:00</LatestEnd></Timing></Item><Item RefId="11513" Id="34247" Title="" Type="sess" Page="" StartPage="" Style="0"><Timing Type="1" Visible="0" Changeable="0"><Start>2017-10-16 07:31:38</Start><End>2017-10-16 07:31:38</End><SuggestionStart>2017-10-16 07:31:38</SuggestionStart><SuggestionEnd>2017-10-16 07:31:38</SuggestionEnd><EarliestStart>2017-10-16 07:31:38</EarliestStart><LatestEnd>2017-10-16 21:55:00</LatestEnd></Timing></Item><Item RefId="11514" Id="34249" Title="" Type="sess" Page="" StartPage="" Style="0"><Timing Type="1" Visible="0" Changeable="0"><Start>2017-10-16 07:31:38</Start><End>2017-10-16 07:31:38</End><SuggestionStart>2017-10-16 07:31:38</SuggestionStart><SuggestionEnd>2017-10-16 07:31:38</SuggestionEnd><EarliestStart>2017-10-16 07:31:38</EarliestStart><LatestEnd>2017-10-16 21:55:00</LatestEnd></Timing></Item><Item RefId="11515" Id="34251" Title="" Type="sess" Page="" StartPage="" Style="0"><Timing Type="1" Visible="0" Changeable="0"><Start>2017-10-16 07:31:38</Start><End>2017-10-16 07:31:38</End><SuggestionStart>2017-10-16 07:31:38</SuggestionStart><SuggestionEnd>2017-10-16 07:31:38</SuggestionEnd><EarliestStart>2017-10-16 07:31:38</EarliestStart><LatestEnd>2017-10-16 21:55:00</LatestEnd></Timing></Item><Item RefId="11516" Id="34253" Title="" Type="sess" Page="" StartPage="" Style="0"><Timing Type="1" Visible="0" Changeable="0"><Start>2017-10-16 07:31:38</Start><End>2017-10-16 07:31:38</End><SuggestionStart>2017-10-16 07:31:38</SuggestionStart><SuggestionEnd>2017-10-16 07:31:38</SuggestionEnd><EarliestStart>2017-10-16 07:31:38</EarliestStart><LatestEnd>2017-10-16 21:55:00</LatestEnd></Timing></Item><Item RefId="11517" Id="34255" Title="" Type="sess" Page="" StartPage="" Style="0"><Timing Type="1" Visible="0" Changeable="0"><Start>2017-10-16 07:31:38</Start><End>2017-10-16 07:31:38</End><SuggestionStart>2017-10-16 07:31:38</SuggestionStart><SuggestionEnd>2017-10-16 07:31:38</SuggestionEnd><EarliestStart>2017-10-16 07:31:38</EarliestStart><LatestEnd>2017-10-16 21:55:00</LatestEnd></Timing></Item><Item RefId="11518" Id="34257" Title="" Type="sess" Page="" StartPage="" Style="0"><Timing Type="1" Visible="0" Changeable="0"><Start>2017-10-16 07:31:38</Start><End>2017-10-16 07:31:38</End><SuggestionStart>2017-10-16 07:31:38</SuggestionStart><SuggestionEnd>2017-10-16 07:31:38</SuggestionEnd><EarliestStart>2017-10-16 07:31:38</EarliestStart><LatestEnd>2017-10-16 21:55:00</LatestEnd></Timing></Item><Item RefId="11519" Id="34259" Title="" Type="sess" Page="" StartPage="" Style="0"><Timing Type="1" Visible="0" Changeable="0"><Start>2017-10-16 07:31:38</Start><End>2017-10-16 07:31:38</End><SuggestionStart>2017-10-16 07:31:38</SuggestionStart><SuggestionEnd>2017-10-16 07:31:38</SuggestionEnd><EarliestStart>2017-10-16 07:31:38</EarliestStart><LatestEnd>2017-10-16 21:55:00</LatestEnd></Timing></Item><Item RefId="11520" Id="34261" Title="" Type="sess" Page="" StartPage="" Style="0"><Timing Type="1" Visible="0" Changeable="0"><Start>2017-10-16 07:31:38</Start><End>2017-10-16 07:31:38</End><SuggestionStart>2017-10-16 07:31:38</SuggestionStart><SuggestionEnd>2017-10-16 07:31:38</SuggestionEnd><EarliestStart>2017-10-16 07:31:38</EarliestStart><LatestEnd>2017-10-16 21:55:00</LatestEnd></Timing></Item><Item RefId="11521" Id="34263" Title="" Type="sess" Page="" StartPage="" Style="0"><Timing Type="1" Visible="0" Changeable="0"><Start>2017-10-16 07:31:38</Start><End>2017-10-16 07:31:38</End><SuggestionStart>2017-10-16 07:31:38</SuggestionStart><SuggestionEnd>2017-10-16 07:31:38</SuggestionEnd><EarliestStart>2017-10-16 07:31:38</EarliestStart><LatestEnd>2017-10-16 21:55:00</LatestEnd></Timing></Item><Item RefId="11522" Id="34265" Title="" Type="sess" Page="" StartPage="" Style="0"><Timing Type="1" Visible="0" Changeable="0"><Start>2017-10-16 07:31:38</Start><End>2017-10-16 07:31:38</End><SuggestionStart>2017-10-16 07:31:38</SuggestionStart><SuggestionEnd>2017-10-16 07:31:38</SuggestionEnd><EarliestStart>2017-10-16 07:31:38</EarliestStart><LatestEnd>2017-10-16 21:55:00</LatestEnd></Timing></Item><Item RefId="11523" Id="34267" Title="" Type="sess" Page="" StartPage="" Style="0"><Timing Type="1" Visible="0" Changeable="0"><Start>2017-10-16 07:31:38</Start><End>2017-10-16 07:31:38</End><SuggestionStart>2017-10-16 07:31:38</SuggestionStart><SuggestionEnd>2017-10-16 07:31:38</SuggestionEnd><EarliestStart>2017-10-16 07:31:38</EarliestStart><LatestEnd>2017-10-16 21:55:00</LatestEnd></Timing></Item><Item RefId="11524" Id="34269" Title="" Type="sess" Page="" StartPage="" Style="0"><Timing Type="1" Visible="0" Changeable="0"><Start>2017-10-16 07:31:38</Start><End>2017-10-16 07:31:38</End><SuggestionStart>2017-10-16 07:31:38</SuggestionStart><SuggestionEnd>2017-10-16 07:31:38</SuggestionEnd><EarliestStart>2017-10-16 07:31:38</EarliestStart><LatestEnd>2017-10-16 21:55:00</LatestEnd></Timing></Item><Item RefId="11525" Id="34271" Title="" Type="sess" Page="" StartPage="" Style="0"><Timing Type="1" Visible="0" Changeable="0"><Start>2017-10-16 07:31:38</Start><End>2017-10-16 07:31:38</End><SuggestionStart>2017-10-16 07:31:38</SuggestionStart><SuggestionEnd>2017-10-16 07:31:38</SuggestionEnd><EarliestStart>2017-10-16 07:31:38</EarliestStart><LatestEnd>2017-10-16 21:55:00</LatestEnd></Timing></Item><Item RefId="11526" Id="34273" Title="" Type="sess" Page="" StartPage="" Style="0"><Timing Type="1" Visible="0" Changeable="0"><Start>2017-10-16 07:31:38</Start><End>2017-10-16 07:31:38</End><SuggestionStart>2017-10-16 07:31:38</SuggestionStart><SuggestionEnd>2017-10-16 07:31:38</SuggestionEnd><EarliestStart>2017-10-16 07:31:38</EarliestStart><LatestEnd>2017-10-16 21:55:00</LatestEnd></Timing></Item><Item RefId="11527" Id="34275" Title="" Type="sess" Page="" StartPage="" Style="0"><Timing Type="1" Visible="0" Changeable="0"><Start>2017-10-16 07:31:38</Start><End>2017-10-16 07:31:38</End><SuggestionStart>2017-10-16 07:31:38</SuggestionStart><SuggestionEnd>2017-10-16 07:31:38</SuggestionEnd><EarliestStart>2017-10-16 07:31:38</EarliestStart><LatestEnd>2017-10-16 21:55:00</LatestEnd></Timing></Item><Item RefId="11528" Id="34277" Title="" Type="sess" Page="" StartPage="" Style="0"><Timing Type="1" Visible="0" Changeable="0"><Start>2017-10-16 07:31:38</Start><End>2017-10-16 07:31:38</End><SuggestionStart>2017-10-16 07:31:38</SuggestionStart><SuggestionEnd>2017-10-16 07:31:38</SuggestionEnd><EarliestStart>2017-10-16 07:31:38</EarliestStart><LatestEnd>2017-10-16 21:55:00</LatestEnd></Timing></Item><Item RefId="11529" Id="34279" Title="" Type="sess" Page="" StartPage="" Style="0"><Timing Type="1" Visible="0" Changeable="0"><Start>2017-10-16 07:31:38</Start><End>2017-10-16 07:31:38</End><SuggestionStart>2017-10-16 07:31:38</SuggestionStart><SuggestionEnd>2017-10-16 07:31:38</SuggestionEnd><EarliestStart>2017-10-16 07:31:38</EarliestStart><LatestEnd>2017-10-16 21:55:00</LatestEnd></Timing></Item><Item RefId="11530" Id="34281" Title="" Type="sess" Page="" StartPage="" Style="0"><Timing Type="1" Visible="0" Changeable="0"><Start>2017-10-16 07:31:38</Start><End>2017-10-16 07:31:38</End><SuggestionStart>2017-10-16 07:31:38</SuggestionStart><SuggestionEnd>2017-10-16 07:31:38</SuggestionEnd><EarliestStart>2017-10-16 07:31:38</EarliestStart><LatestEnd>2017-10-16 21:55:00</LatestEnd></Timing></Item><Item RefId="11531" Id="34283" Title="" Type="sess" Page="" StartPage="" Style="0"><Timing Type="1" Visible="0" Changeable="0"><Start>2017-10-16 07:31:38</Start><End>2017-10-16 07:31:38</End><SuggestionStart>2017-10-16 07:31:38</SuggestionStart><SuggestionEnd>2017-10-16 07:31:38</SuggestionEnd><EarliestStart>2017-10-16 07:31:38</EarliestStart><LatestEnd>2017-10-16 21:55:00</LatestEnd></Timing></Item><Item RefId="11532" Id="34285" Title="" Type="sess" Page="" StartPage="" Style="0"><Timing Type="1" Visible="0" Changeable="0"><Start>2017-10-16 07:31:38</Start><End>2017-10-16 07:31:38</End><SuggestionStart>2017-10-16 07:31:38</SuggestionStart><SuggestionEnd>2017-10-16 07:31:38</SuggestionEnd><EarliestStart>2017-10-16 07:31:38</EarliestStart><LatestEnd>2017-10-16 21:55:00</LatestEnd></Timing></Item><Item RefId="11533" Id="34287" Title="" Type="sess" Page="" StartPage="" Style="0"><Timing Type="1" Visible="0" Changeable="0"><Start>2017-10-16 07:31:38</Start><End>2017-10-16 07:31:38</End><SuggestionStart>2017-10-16 07:31:38</SuggestionStart><SuggestionEnd>2017-10-16 07:31:38</SuggestionEnd><EarliestStart>2017-10-16 07:31:38</EarliestStart><LatestEnd>2017-10-16 21:55:00</LatestEnd></Timing></Item><Item RefId="11534" Id="34289" Title="" Type="sess" Page="" StartPage="" Style="0"><Timing Type="1" Visible="0" Changeable="0"><Start>2017-10-16 07:31:38</Start><End>2017-10-16 07:31:38</End><SuggestionStart>2017-10-16 07:31:38</SuggestionStart><SuggestionEnd>2017-10-16 07:31:38</SuggestionEnd><EarliestStart>2017-10-16 07:31:38</EarliestStart><LatestEnd>2017-10-16 21:55:00</LatestEnd></Timing></Item></Item><Item RefId="11348" Id="33918" Title="Forum" Type="frm" Page="" StartPage="" Style="0"><Timing Type="1" Visible="0" Changeable="0"><Start>2017-10-13 09:21:07</Start><End>2017-10-13 09:21:07</End><SuggestionStart>2017-10-13 09:21:07</SuggestionStart><SuggestionEnd>2017-10-13 09:21:07</SuggestionEnd><EarliestStart>2017-10-13 09:21:07</EarliestStart><LatestEnd>2017-10-13 21:55:00</LatestEnd></Timing></Item></Item></Items></exp:ExportItem></exp:Export>