<?xml version="1.0" encoding="utf-8"?><!--Generated by ILIAS XmlWriter--><exp:Export InstallationId="0" InstallationUrl="http://localhost-php7/1_dev/trunk/www" Entity="struct" SchemaVersion="4.1.0" TargetRelease="5.3.0" xmlns:xsi="http://www.w3.org/2001/XMLSchema-instance" xmlns:exp="http://www.ilias.de/Services/Export/exp/4_1" xsi:schemaLocation="http://www.ilias.de/Services/Export/exp/4_1 http://localhost-php7/1_dev/trunk/www/xml/ilias_export_4_1.xsd http://www.ilias.de/Modules/Folder/fold/4_1 http://localhost-php7/1_dev/trunk/www/xml/ilias_fold_4_1.xsd" xmlns="http://www.ilias.de/Modules/Folder/fold/4_1"><exp:ExportItem Id="33905"><Items><Item RefId="11342" Id="33905" Title="Course_10_Sessions" Type="crs" Page="" StartPage="" Style="0"><Timing Type="1" Visible="0" Changeable="0"></Timing><Item RefId="11538" Id="34297" Title="" Type="sess" Page="" StartPage="" Style="0"><Timing Type="1" Visible="0" Changeable="0"><Start>2017-10-16 08:36:31</Start><End>2017-10-16 08:36:31</End><SuggestionStart>2017-10-16 08:36:31</SuggestionStart><SuggestionEnd>2017-10-16 08:36:31</SuggestionEnd><EarliestStart>2017-10-16 08:36:31</EarliestStart><LatestEnd>2017-10-16 21:55:00</LatestEnd></Timing></Item><Item RefId="11539" Id="34299" Title="" Type="sess" Page="" StartPage="" Style="0"><Timing Type="1" Visible="0" Changeable="0"><Start>2017-10-16 08:36:31</Start><End>2017-10-16 08:36:31</End><SuggestionStart>2017-10-16 08:36:31</SuggestionStart><SuggestionEnd>2017-10-16 08:36:31</SuggestionEnd><EarliestStart>2017-10-16 08:36:31</EarliestStart><LatestEnd>2017-10-16 21:55:00</LatestEnd></Timing></Item><Item RefId="11540" Id="34301" Title="" Type="sess" Page="" StartPage="" Style="0"><Timing Type="1" Visible="0" Changeable="0"><Start>2017-10-16 08:36:31</Start><End>2017-10-16 08:36:31</End><SuggestionStart>2017-10-16 08:36:31</SuggestionStart><SuggestionEnd>2017-10-16 08:36:31</SuggestionEnd><EarliestStart>2017-10-16 08:36:31</EarliestStart><LatestEnd>2017-10-16 21:55:00</LatestEnd></Timing></Item><Item RefId="11541" Id="34303" Title="" Type="sess" Page="" StartPage="" Style="0"><Timing Type="1" Visible="0" Changeable="0"><Start>2017-10-16 08:36:31</Start><End>2017-10-16 08:36:31</End><SuggestionStart>2017-10-16 08:36:31</SuggestionStart><SuggestionEnd>2017-10-16 08:36:31</SuggestionEnd><EarliestStart>2017-10-16 08:36:31</EarliestStart><LatestEnd>2017-10-16 21:55:00</LatestEnd></Timing></Item><Item RefId="11542" Id="34305" Title="" Type="sess" Page="" StartPage="" Style="0"><Timing Type="1" Visible="0" Changeable="0"><Start>2017-10-16 08:36:31</Start><End>2017-10-16 08:36:31</End><SuggestionStart>2017-10-16 08:36:31</SuggestionStart><SuggestionEnd>2017-10-16 08:36:31</SuggestionEnd><EarliestStart>2017-10-16 08:36:31</EarliestStart><LatestEnd>2017-10-16 21:55:00</LatestEnd></Timing></Item><Item RefId="11543" Id="34307" Title="" Type="sess" Page="" StartPage="" Style="0"><Timing Type="1" Visible="0" Changeable="0"><Start>2017-10-16 08:36:31</Start><End>2017-10-16 08:36:31</End><SuggestionStart>2017-10-16 08:36:31</SuggestionStart><SuggestionEnd>2017-10-16 08:36:31</SuggestionEnd><EarliestStart>2017-10-16 08:36:31</EarliestStart><LatestEnd>2017-10-16 21:55:00</LatestEnd></Timing></Item><Item RefId="11544" Id="34309" Title="" Type="sess" Page="" StartPage="" Style="0"><Timing Type="1" Visible="0" Changeable="0"><Start>2017-10-16 08:36:31</Start><End>2017-10-16 08:36:31</End><SuggestionStart>2017-10-16 08:36:31</SuggestionStart><SuggestionEnd>2017-10-16 08:36:31</SuggestionEnd><EarliestStart>2017-10-16 08:36:31</EarliestStart><LatestEnd>2017-10-16 21:55:00</LatestEnd></Timing></Item><Item RefId="11545" Id="34311" Title="" Type="sess" Page="" StartPage="" Style="0"><Timing Type="1" Visible="0" Changeable="0"><Start>2017-10-16 08:36:31</Start><End>2017-10-16 08:36:31</End><SuggestionStart>2017-10-16 08:36:31</SuggestionStart><SuggestionEnd>2017-10-16 08:36:31</SuggestionEnd><EarliestStart>2017-10-16 08:36:31</EarliestStart><LatestEnd>2017-10-16 21:55:00</LatestEnd></Timing></Item><Item RefId="11546" Id="34313" Title="" Type="sess" Page="" StartPage="" Style="0"><Timing Type="1" Visible="0" Changeable="0"><Start>2017-10-16 08:36:31</Start><End>2017-10-16 08:36:31</End><SuggestionStart>2017-10-16 08:36:31</SuggestionStart><SuggestionEnd>2017-10-16 08:36:31</SuggestionEnd><EarliestStart>2017-10-16 08:36:31</EarliestStart><LatestEnd>2017-10-16 21:55:00</LatestEnd></Timing></Item><Item RefId="11547" Id="34315" Title="" Type="sess" Page="" StartPage="" Style="0"><Timing Type="1" Visible="0" Changeable="0"><Start>2017-10-16 08:36:31</Start><End>2017-10-16 08:36:31</End><SuggestionStart>2017-10-16 08:36:31</SuggestionStart><SuggestionEnd>2017-10-16 08:36:31</SuggestionEnd><EarliestStart>2017-10-16 08:36:31</EarliestStart><LatestEnd>2017-10-16 21:55:00</LatestEnd></Timing></Item></Item></Items></exp:ExportItem></exp:Export>