<?xml version="1.0" encoding="utf-8"?><!--Generated by ILIAS XmlWriter--><exp:Export InstallationId="0" InstallationUrl="http://localhost-php7/1_dev/trunk/www" Entity="crs" SchemaVersion="5.0.0" TargetRelease="5.3.0" xmlns:xsi="http://www.w3.org/2001/XMLSchema-instance" xmlns:exp="http://www.ilias.de/Services/Export/exp/4_1" xsi:schemaLocation="http://www.ilias.de/Services/Export/exp/4_1 http://localhost-php7/1_dev/trunk/www/xml/ilias_export_4_1.xsd http://www.ilias.de/Modules/Course/crs/5_0 http://localhost-php7/1_dev/trunk/www/xml/ilias_crs_5_0.xsd" xmlns="http://www.ilias.de/Modules/Course/crs/5_0"><exp:ExportItem Id="33905"><Course exportVersion="2" id="il_0_crs_33905" showMembers="Yes"><MetaData><General Structure="Hierarchical"><Identifier Catalog="ILIAS" Entry="il__crs_33905"/><Title Language="en">Course_10_Sessions</Title><Language Language="en"/><Description Language="en"></Description><Keyword Language="en"/></General></MetaData><AdvancedMetaData></AdvancedMetaData><Settings><Availability><Unlimited/></Availability><Syllabus/><ImportantInformation/><Contact><Name/><Responsibility/><Phone/><Email/><Consultation/></Contact><Registration registrationType="Direct" maxMembers="0" notification="Yes" waitingList="Yes"><Disabled/></Registration><Period><Start/><End/></Period><WaitingListAutoFill>0</WaitingListAutoFill><CancellationEnd/><MinMembers>0</MinMembers><ViewMode>0</ViewMode></Settings><Sort direction="ASC" type="Title"/><ContainerSettings><ContainerSetting id="cont_auto_rate_new_obj">0</ContainerSetting><ContainerSetting id="cont_custom_md">0</ContainerSetting><ContainerSetting id="cont_show_calendar">1</ContainerSetting><ContainerSetting id="cont_show_news">0</ContainerSetting><ContainerSetting id="cont_skills">0</ContainerSetting><ContainerSetting id="cont_tag_cloud">0</ContainerSetting><ContainerSetting id="cont_use_news">0</ContainerSetting><ContainerSetting id="news_timeline">0</ContainerSetting><ContainerSetting id="news_timeline_incl_auto">0</ContainerSetting><ContainerSetting id="news_timeline_landing_page">0</ContainerSetting></ContainerSettings></Course></exp:ExportItem></exp:Export>