<?xml version="1.0" encoding="utf-8"?><!--Generated by ILIAS XmlWriter--><exp:Export InstallationId="0" InstallationUrl="http://localhost-php7/1_dev/trunk/www" Entity="md" SchemaVersion="4.1.0" TargetRelease="5.3.0" xmlns:xsi="http://www.w3.org/2001/XMLSchema-instance" xmlns:exp="http://www.ilias.de/Services/Export/exp/4_1" xsi:schemaLocation="http://www.ilias.de/Services/Export/exp/4_1 http://localhost-php7/1_dev/trunk/www/xml/ilias_export_4_1.xsd http://www.ilias.de/Services/MetaData/md/4_1 http://localhost-php7/1_dev/trunk/www/xml/ilias_md_4_1.xsd" xmlns="http://www.ilias.de/Services/MetaData/md/4_1"><exp:ExportItem Id="34177:0:sess"><MetaData><General Structure="Hierarchical"><Identifier Catalog="ILIAS" Entry="il_0_sess_34177"/><Title Language="en"></Title><Language Language="en"/><Description Language="en"></Description><Keyword Language="en"></Keyword></General></MetaData></exp:ExportItem></exp:Export>